n_gram,freq
াঁড়,11
াঁচ,12
েঁচ,1
ৌঁছ,5
াঁধ,6
াঁট,5
াঁদ,2
োঁজ,3
েঁধ,1
েঁক,1
ুঁজ,2
িঁদ,1
োঁশ,1
াঁপ,2
েঁদ,2
ুঁক,1
াঁত,8
াঁই,1
েঁট,1
ুঁড়,2
উঁচ,1
ুঁচ,1
ুঁয়,1
িঁথ,1
পঁয়,1
োঁট,1
পঁচ,1
াঁক,2
উঁক,1
িঁয়,2
আঁধ,1
ুঁত,1
াঁঝ,1
েঁষ,1
আঁক,1
াঁজ,1
াঁয়,1
াংল,4
বংশ,4
সংস,3
াংশ,3
অংশ,2
রংপ,2
সংখ্য,2
িংস,2
েংচ,1
সংক্ষ,2
িংড়,1
সংস্থ,1
য়ংক,1
িংহ,1
সংক,3
শংক,3
াংচ,2
সংব,3
াংক,1
শংস,2
িংয়,2
সংগ্র,3
সংয,2
সংস্ক,1
াংখ্য,1
াংস,1
ইংর,1
সংগ,1
হংক,1
ুঃশ্চ,1
ুঃখ,2
ুঃস্ব,1
িঃশ্ব,1
িঃশ,1
িঃস্ব,1
তঃপ,1
নঃপ,2
তঃস্ফ,1
নঃপ্র,3
দঅভ্য,1
িআর,2
লআউ,1
াইর,5
াইয়,5
াইক,3
রইল,1
াইহ,1
এইস,1
াইভ,4
াইল,8
াইন,7
বইছ,1
াইত,2
াইফ,1
এইব,1
এইখ,2
াইব,1
াইজ,1
থইথ,1
াইম,3
হইন,1
আইল,1
ুইব,1
এইট,1
েইজ,2
াইস,1
ুইয়,1
ুইট,1
ুইচ,2
াইছ,1
ুইজ,1
উইক,1
েইল,2
রইয়,1
আইন,3
বইয়,1
এইয,1
িউজ,1
বউয়,1
বউক,1
াউক,1
েউই,1
িউট,1
মউদ্দ,1
েউক,1
েউয়,1
বউম,1
াউন,1
িউর,1
াউম,1
বউও,1
আউট,1
িউট্র,1
িএস,1
তএব,1
“এত,1
াওয়,14
েওয়,6
হওয়,2
আওয়,2
িওগ,2
আওড়,1
চওড়,1
বওহ,2
েকে,11
একট,4
াকে,32
াকি,6
ওকে,2
াকব,4
জকে,1
িকে,21
াকত,3
একা,5
একজ,1
সকা,4
ইকে,3
আকা,5
ুকে,12
াকা,20
ীকা,2
ৌকা,5
াকর,4
একদ,4
ুক্ষণ,2
নকে,4
াকল,5
দক্ষে,1
ীক্ষা,4
ষকে,3
উকে,3
াকু,6
ীকে,6
একস,2
ুকি,2
েক্ষা,1
তকি,1
েকট,4
পকে,1
দক্ষি,2
রকা,7
িকা,13
বকি,1
একু,2
োকে,5
ুক্তি,3
সকল,1
ঁকে,1
লকন,1
টকা,2
ভক্তক,1
একগ,1
ৎকা,5
রকম,1
হকা,3
েকজ,1
নকা,5
িকশ,1
িকই,1
েকস,1
মকে,1
িক্ষি,2
ীকত,1
রকে,11
শকা,1
ুকন,2
লকা,2
িক্ষা,3
একব,2
ুকু,9
ুকট,1
মকর,1
শক্তি,4
োকন,1
াকো,1
বকে,2
াক্কা,2
িকত,4
াক্তা,1
আক্কে,1
নক্ষত্র,2
ঐক্যম,2
অক্লা,1
এক্সা,1
টকে,1
িকম,2
ঁকড়,1
িকর্ত,2
োকা,4
োকি,3
িক্ষু,1
রক্তব,1
তক্ষণ,3
ভক্তদ,1
শকে,2
ংক্ষি,1
একে,4
চকে,1
চকা,1
বকা,1
এক্সি,1
আক্ষে,1
ুকর,1
তকত,1
ুক্তা,1
িকি,2
ংকর,2
আকু,1
লক্ষে,1
রক্ষা,2
াক্ষা,2
জকা,1
রক্তই,1
েক্রে,1
ুকত,1
েকি,2
ংকী,1
পক্ষে,4
ীকৃ,2
এক্ষে,1
াক্সে,1
খকে,1
িকট,3
পক্ষপ,1
পকূ,4
েকো,1
ৈকত,1
েক্ষভ,1
নকি,1
একম,1
ৌকশ,1
য়ক্ষম,1
েকব,2
ুকূ,1
ংকা,3
দক্ষত,1
মকা,2
পকর,1
েকক,1
ককে,2
তকো,1
ুক্রব,1
ৌকে,1
ংকে,1
ঁকজ,1
েকা,1
লকড,1
তকা,2
ঁকি,1
রক্তা,1
ংকট,1
একপ,1
ুকা,2
িকর,2
নক্ষে,1
েকদ,1
েক্ষে,1
লকে,4
োকক,1
াক্তি,1
াকছ,1
এক্সপ্র,1
থকে,1
লকু,2
একত্র,1
ঁকা,1
াক্যে,1
িক্সা,1
োকট,1
বক্সে,1
িক্রি,2
অক্ষত,1
িক্রে,1
িক্রয়,1
এক্সপ,1
চক্রা,1
াক্যগ,1
ূক্ষ্মভ,1
অক্ষর,1
াক্ষর,1
ঁকু,1
াক্পট,1
অকৃ,1
িক্ষো,1
াকস,1
একল,1
একই,1
েক্ট্রন,1
ূক্ষ্মত,2
অকা,3
পক্বত,1
ঐকা,3
তকট,1
োক্তি,1
ৎকৃ,1
াক্ষ্যি,1
ংক্ষে,1
েকু,1
াকট,1
য়কে,1
ৎকর্ষ্য,1
ৈকট্য,1
লক্ষণ,1
েক্ট্রর,1
ংকল,1
াক্সি,1
লক্ষ্মী,1
তকে,1
চক্রব,1
ঐকক,1
ককো,1
সক্তি,1
েক্কা,1
আক্রা,1
নকো,2
চকি,1
পক্ষয়,1
িক্ক্রি,1
িক্ষণ,1
একপ্র,1
ুক্মি,1
ইক্ষ্বা,1
অকি,1
অকল্ম,1
এখন,4
তখন,4
েখি,6
েখে,12
যখন,1
েখত,1
ুখে,4
েখল,5
কখন,4
েখা,26
এখা,3
িখু,2
োখে,2
াখা,5
েখু,1
াখি,6
াখু,2
াখে,3
াখ্যা,1
ংখ্যা,1
াখত,2
িখি,1
ইখা,2
িখে,2
েখব,3
ুখও,1
জখা,1
ঃখে,1
দখো,1
আখে,1
েখছ,2
িখা,1
েখো,3
ুখো,1
ুখি,1
ূখক,1
শখা,1
িখো,1
ুখট,1
েখভ,1
ঝখা,1
িখ্যে,1
ুখী,2
অখণ্ড,1
ৎখা,1
ূখর,1
এখু,1
িখত,1
অখা,1
আগে,5
এগু,2
াগে,4
াগছ,2
য়গা,2
েগু,5
আগা,2
েগে,4
াগু,6
াগা,11
াগী,1
োগী,2
িগত,1
াগর,4
ষগু,3
সগৌ,1
াগ্যব,1
কগা,1
াগল,4
ুগত,1
নগণ,1
োগদ,1
াগব,1
োগ্যত,1
ুগে,1
আগু,1
িগু,8
োগে,5
এগি,1
ছগু,1
িগা,1
াগি,2
াগদ,1
ওগু,3
াগত,1
িগ্রস্ত,1
নগু,1
ড়গড়,1
ৃগা,1
তগু,1
োগা,2
জগু,1
মগম,1
এগো,3
লগু,4
আগস্ট,1
াগ্রা,1
ণগু,1
ুগি,1
অগ্রী,1
হগন,1
াগ্রস্ত,1
াগ্রহ,1
িগল,1
াগ্যে,1
াগজ,3
অগত্য,1
ংগ্রহ,2
ংগ্রা,1
াগপ,1
ুগন্ধ,1
াগও,1
সগু,1
ভগ্না,1
রগু,1
ুগ্ধত,1
াগ্মি,1
ভগব,2
মগ্রী,1
জগত,1
অগ্ন্যু,2
আগ্নে,2
ঋগ্বে,1
অগ্রস,1
িগ্বি,1
দগ্নি,1
ংগঠ,1
অগস্ত্য,1
েঘে,1
াঘ্রা,1
সঘা,1
েঘল,1
াঘা,3
াঘু,1
িঘড়,1
তঘড়,1
তঘ্নত,1
েঘম,1
মঘি,1
অঘা,1
েঙে,1
রঙে,1
াঙ্গল,1
াঙল,1
েঙ্গে,1
াঙ্ক্ষা,1
সঙ্গে,2
শঙ্কা,2
াঙে,1
বঙ্গে,1
য়ঙ্কর,1
িঙ্গা,1
াঙা,2
শঙ্কি,1
াঙ্কন,1
ৃঙ্খল,1
াঙ্ক্তে,1
লঙ্ঘন,2
রঙ্গে,1
াঙ্ক্ষণ,1
হঙ্গক,1
তঙ্কি,1
জঙ্গল,1
াঙ্গী,1
াঙ্গে,1
অঙ্ঘ্রি,1
াঙ্ময়,1
াঙ্মু,1
াচ্ছে,4
াচা,5
হচ্ছে,1
বচে,1
হচ্ছি,1
ঁচে,1
িচে,1
ইচ্ছা,3
াচী,1
উচি,1
াচল,1
াচ্ছি,7
িচু,3
িচ্ছি,3
উচ্চা,1
লচে,1
ঁচা,7
াচন,1
েচ্ছা,2
িচ্ছে,2
াচে,3
ুচি,2
মচ্চা,1
িচল,1
ংচি,3
িচি,4
অচি,1
মচক,1
ুচক,1
ঁচু,1
েচা,1
াচ্চা,4
আচ্ছা,1
োচ্ছ্বা,2
পচা,2
ঁচট,2
ঁচি,2
পচয়,1
ঁচত,1
েচন,1
উচ্চশ,1
ূচক,1
ইচট,1
িচর্ম,1
সচে,1
েচল্ল,1
োচন,2
ইচড,1
েচে,1
ইচ্ছে,1
আচ্ছন্ন,2
উচ্ছন্ন,1
াচড়,1
ুচ্ছ্রি,1
নচ্যু,1
ৈচি,1
আচর,1
ঐচ্ছি,1
ৈচৈ,1
রচন,1
রচন্দ্র,1
সচক,1
াচ্ঞা,1
আছে,3
িছু,13
াছে,5
েছে,41
লছি,2
পছন্দ,1
বছর,2
গছে,1
ুছি,1
িছা,3
ঁছা,4
েছি,38
লছে,2
িছন,1
ঁছে,1
রছি,6
রছে,5
আছি,1
আছা,1
ইছে,2
ুছে,1
এছা,1
াছা,3
াছি,1
নছি,2
সছি,1
েছো,2
সছে,1
াছগ,1
িছল,1
ড়ছে,3
াছই,1
োছা,1
খছি,2
বছি,2
গছি,1
রছো,1
ঠছে,1
মছা,1
নছে,1
আছো,1
াছভ,1
াছো,1
লছো,1
কছে,1
বছা,1
াছড়,1
বছে,1
ঠছি,1
মছে,1
াছট,1
িজে,8
াজা,9
আজক,2
কজন,2
েজা,3
রজা,5
মজা,2
িজ্ঞে,1
বজা,1
েজি,2
মজব,1
বজি,2
অজা,2
াজে,8
ঁজে,2
ুজন,2
েজন্য,1
এজন্য,1
োজন,5
াজন,4
মজু,2
অজু,1
েজন,1
িজ্ঞত,3
াজট,1
আজই,1
াজ্যে,1
অজ্ঞা,1
বজ্ঞা,1
োজে,1
েজে,3
োজা,1
হজে,1
িজত,1
াজখ,1
িজি,1
হজম,1
নজর,3
িজা,1
নজি,3
াজি,7
াজই,3
লজ্বল,1
াজগ,1
আজী,1
ূজা,1
আজা,1
ইজে,1
ওজন,1
পজে,1
কজম,1
ঁজত,1
ফজর,1
ইজন,1
আজও,1
গজে,2
নজন,1
গজট,1
িজ্ঞা,4
িজো,1
বজ্রপ,1
ঁজদ,1
উজ্জী,1
িজব,1
উজ্জ্বল,2
রজগ,1
রজত,1
ুজ্ঝট,1
িজয়,2
অজী,1
শজা,1
অজন্ম,1
াজ্ঞব,1
াঝে,2
োঝা,5
ুঝল,5
ুঝে,3
ুঝি,2
ুঝত,1
ুঝব,1
িঝড়,1
াঝব,1
াঝখ,1
ঁঝা,1
পঞ্চা,2
েঞ্জা,2
অঞ্চল,2
াঞ্চল,1
াঞ্জা,2
বঞ্চি,2
ইঞ্জি,1
পঞ্চম,1
মঞ্চে,1
াঞ্চক,1
বঞ্চন,1
সঞ্চা,1
াঞ্ছন,1
াঞ্ছা,1
ঝঞ্ঝন,1
কটা,9
কটু,2
কটি,2
েটা,10
এটা,3
নটা,7
েটে,9
োটি,3
ঁটত,1
িটে,5
াটা,27
তটা,3
িটা,14
ুটো,1
ঘটন,1
রটা,12
ুটি,7
আটক,2
াটত,2
িটি,3
াটি,6
ণটা,1
োটর,1
োটো,1
সটা,1
মটা,2
জটা,2
নটি,1
উটা,1
লটা,1
শটা,3
োটা,6
পটি,1
বটু,1
এটু,1
ষটা,1
জটি,1
িটম,1
বটব,1
তটু,1
ঁটে,2
য়টা,4
াটপ,2
ঁটা,1
নটন,1
াটব,1
োটে,3
চটা,3
কটক,1
ঘটব,1
াটে,2
ঁটি,2
ঘটা,2
ইটা,1
াটু,2
োটক,1
ুটল,1
পটা,1
াটল,1
য়টু,1
রটি,1
খটা,1
বটে,2
লটি,1
ঘটল,1
বটি,2
িটব,1
ুটব,1
হট্টগ,1
োটন,2
উট্রন,1
খট্বা,1
ুট্মল,1
েটি,1
াটন,1
ছটি,1
কট্যধ্ব,1
য়টি,1
াট্টা,1
উঠে,2
হঠা,1
উঠল,3
উঠত,1
ওঠে,1
াঠে,3
কঠি,1
াঠি,1
কঠো,1
উঠো,1
ুঠো,2
াঠা,3
উঠব,2
িঠি,2
ওঠা,2
উঠছ,2
োঠর,1
উঠা,2
উঠু,1
গঠন,3
গঠি,1
মঠে,1
িডি,3
াডা,2
পডে,1
িডে,2
িডর,1
েডি,2
ুডে,1
েডো,1
কডা,1
িডো,1
েডশ,1
বডি,1
বড্যা,1
রণা,4
ঘণ্টা,3
গণে,1
াণে,2
রণট,1
ষণে,1
রণে,4
ভণ্ডা,1
ষণ্নব,1
কণ্ঠে,1
াণপ্র,1
মণ্ডা,2
ষণা,1
ফণী,1
গণম,1
ভণি,1
াণী,1
িণী,2
ড়ণা,1
িণত,1
চণ্ডত,1
রণগ,1
রণী,1
ুণব,1
েণি,1
েণী,1
পণ্যগ,1
গণ্ডগ,1
লণ্ঠন,1
ুণ্ঠ্যম,1
ুণ্ঢন,2
রণ্ময়,1
াণ্মা,1
হণয,1
রণই,1
ঋণম,1
াণর,1
ুণ্যে,1
বণত,1
রতে,10
মতো,9
লতে,7
হতে,2
িতে,26
েতে,8
খতে,3
বতে,2
কতে,5
নতু,2
িতর,3
াতে,41
সতে,3
য়তো,2
ঠতে,1
হতো,1
এতে,1
নতে,4
রতা,2
টতে,2
ইত্যা,1
ড়তে,7
াতা,14
িতা,7
কতট,2
এতক,1
েতা,8
মতে,2
য়তা,2
উত্তর,2
ৃত্যু,2
অতি,5
াতট,1
টতি,1
বতী,4
আত্মী,1
হতব,1
াতি,9
ৈতি,1
গতে,2
ইতে,2
াতস্থ,1
োতে,5
ীতে,2
হতা,4
মতি,1
কতা,5
াতন,3
াত্রা,2
ুতে,2
ঝতে,1
ুতি,3
েতু,1
উত্তে,1
নতা,3
াতর,1
বতি,1
নত্রি,1
োতল,1
ুত্বপ,1
ঐতি,2
লতো,2
লতা,8
কতক্ষ,1
িতদ,2
যতই,1
ততই,1
ঁতস্য,1
ঁতে,2
জতে,2
েত্রী,2
াতক,3
োত্তর,2
ুতা,1
োতদ,1
োতো,1
ঁতর,2
শতা,3
ষতে,1
িতী,1
ৃতী,1
াত্রী,5
এতট,1
এতগ,1
যতক্ষ,1
ততক্ষ,1
বতা,2
মতা,2
ৃতি,6
িতৃ,2
অতএ,1
িত্বও,1
আত্মা,1
েত্রে,2
ূতি,3
য়ত্রি,1
ইতর,1
াত্রই,1
এতব,1
পত্রি,2
নতি,1
অতল,1
ণতি,1
নতও,1
ঁতা,3
াতৃ,3
চতে,1
পত্রে,1
ৃতজ্ঞ,1
িত্রা,1
ইতস্ত,1
েতন,3
িতি,5
রত্বে,1
গতক,1
ৃতে,1
পতি,1
যতব,1
ততব,1
অত্যন্ত,1
লতু,1
রতো,1
নতম,1
সতত,1
ততা,1
াতঘ,1
গত্যা,1
কত্রি,1
ইতি,2
আতঙ্ক,2
ীতি,1
ড়তা,1
পত্যগ,1
েতর,1
িতু,2
লতি,1
াতল,1
আত্মগ্ল,1
ৃতঘ্ন,1
সত্যে,1
ৃতপ,1
রত্নগ,1
লতম,1
ৃত্বক,1
কতক,1
াতদ,1
াত্ত্বি,1
উত্ত্যক্ত,1
উত্থা,1
পতন,1
াতন্ত্র্য,1
অতর্ক্য,1
িত্র্যে,1
িত্তে,2
পত্রট,1
ীতক,1
ঋতু,1
উত্তম,1
াত্মত,1
মতত,1
ততো,1
অতঃ,1
আত্মদ,1
ুতর,1
রতল,1
রতি,1
োতি,1
ণতা,1
কথা,6
াথে,2
োথা,3
াথা,6
ৃথি,2
অথচ,1
তথা,1
অথব,1
িথি,2
ৃথা,1
ইথই,1
ঁথি,1
মথম,1
যথা,2
াথর,1
িথ্যা,1
পথি,1
ৃথ্বী,1
অথৈ,1
াদে,18
যদি,2
াদি,6
ুদ্রে,3
িদি,6
াদা,11
ওদে,1
েদে,7
লদি,1
কদি,4
এদে,2
পদক্ষ,1
পদ্মা,2
ঁদে,4
এদি,2
েদি,3
নদী,2
উদা,1
াদন,2
ুদা,3
ুদ্ধি,1
িদা,3
পদে,4
ুদি,4
কদর,1
গদা,2
ঁদূ,1
উদ্দে,1
রদা,1
িদ্ধা,2
আদা,1
াদর,2
ওদি,1
িদশ,2
ীদে,6
োদি,1
ুদ্রা,1
তদে,2
আদৌ,1
োদও,1
আদে,1
াদ্নি,1
িদে,5
ুদে,3
ুদস,1
ুদখ,1
তদা,1
রদে,2
কদল,1
য়দি,2
ভদ্রত,1
উদ্যত,1
বদঅ,1
োদয়,1
ষদে,2
িদ্রু,1
ুদ্ধভ,1
উদ্দী,1
লদে,1
উদ্যো,1
মদি,1
ুদূ,1
ুদ্রক,1
উদ্ধা,2
াদপ,1
ঈদে,1
িদ্যা,2
পদধ্ব,1
মদে,1
ুদও,1
অদ্ভু,2
ৃদ্ধি,3
ইদা,1
াদু,1
নদি,1
োদে,1
াদব,1
োদ্ধা,2
আদি,1
ুদ্রণ,1
িদ্বা,2
নদে,1
সদ্ব্যব,1
উদ্ভূ,1
জদা,1
িদ্যম,1
পদল,1
উদ্ভা,1
েদী,1
ৌদি,1
পদা,1
িদগ্ধ,1
ুদ্গম,1
ুদ্গা,1
তদৃ,1
উদ্গা,1
উদ্ঘা,1
তদ্দ্বা,1
উদ্ভ্রা,1
িদ্র্যর,1
উদর,1
অদৃ,1
ুদৈ,1
মদগ্ন্য,1
মদগ্ন,1
েদন,1
িদী,1
আদর্শ,1
সদস্য,1
ুদ্ধে,1
মধ্যে,3
ুধু,1
াধা,2
ঁধে,4
োধহ,1
অধি,3
াধ্যম,1
শধর,1
েধে,1
াধি,2
াধন,2
ুধর্ম,1
াধী,1
লধা,2
বধা,1
ুধা,3
িধা,6
বধি,1
ঁধা,2
দধ্বন,1
মধ্যপ,1
োধী,1
আধা,1
িধণ্ট,1
ৌধু,1
ৃধ্নু,1
াধ্মা,1
আধি,1
ৈধর্ম্য,1
ঁধু,1
োনো,7
িনি,19
িন্তু,1
অনে,4
মনে,5
ানু,12
পনা,5
ুনে,7
পনি,1
ুন্দর,2
েনে,6
ানে,38
ানা,31
খনো,4
বনে,6
ানি,13
য়নি,5
মনট,1
োনট,2
ানত,2
ৌন্দর্য,2
ুনত,3
োনক,1
খনই,1
পনে,2
শনম,1
ছনে,1
ানো,27
ান্না,2
োনা,9
িনু,1
ান্ডা,1
ান্ত্বন,1
অনু,18
োনে,7
ুনব,2
মন্ত্রী,1
লনা,1
জনপ,1
েনি,4
খনও,2
বন্ধু,6
শনে,4
টনা,2
হনা,4
আনত,1
ুনল,1
িন্তা,5
েনশ,2
কনি,1
ইনি,5
সন্ধ্যা,1
িনত,3
েন্ডে,2
ান্দা,3
িনা,1
অন্যে,1
আনন্দ,3
নন্দে,2
অন্বে,1
ানক,3
বন্যা,1
মনি,3
উনি,2
জনগ,1
চনে,2
িনে,17
িনই,2
ান্টি,2
জনে,4
ইনম,1
ান্তই,2
িনশ,1
কনো,2
জনপ্র,1
অনা,4
ইনা,1
ইন্টা,1
অন্যদ,2
জনা,1
সন্তা,1
ুনছ,3
ধনা,1
ানট,1
মন্ত্রণ,3
আন্তর,2
নন্দি,2
সনা,3
তন্ময়,1
িন্দু,6
উনত্র,1
মনয,1
রন্ধ্রে,1
পন্যা,1
হনি,1
বন্দি,2
এনে,1
েনা,3
ীনভ,1
ান্তি,5
েনন,5
ননি,6
ুনি,4
ুনা,5
অন্যর,1
ান্তর,4
খনক,2
অন্যক,1
উন্নয়,2
য়নে,1
মনভ,1
োনও,1
েনও,2
ানপ,1
ৈনন্দ,1
সনে,2
অনট,1
টনে,1
এনজ,3
অনি,3
িনট,1
যন্ত্রণ,1
সনস,1
অন্ধক,1
িনগ,1
ানী,4
সনক,1
ুনজ,1
ানন,2
িনব,1
শনি,1
ননী,1
জনস,1
ানব,4
হনও,1
ান্সে,2
েন্টদ,1
রনও,1
বনম,1
ুনশ,1
রন্তর,1
বনক,2
মনপ,1
আনা,1
ান্ত্রি,1
েন্দ্রি,1
ান্তে,5
বনা,4
ানন্দ,1
ইনস্ট,1
মনই,1
িন্দা,1
তনা,1
সনই,1
মনক,1
ুনর্ব,1
ানস,1
অন্ধে,1
কনা,1
তনে,3
িনও,2
মনা,1
ধন্যব,1
চনা,3
আনু,2
আনি,1
গনি,1
জনক,2
বনপ্র,1
েন্ডা,2
ইনে,2
গন্ধে,1
য়না,2
রনো,1
ানক্ষ,1
িনর,1
অনল,1
ীনে,3
োনি,1
ূনত,1
উনা,1
ান্ডে,2
বনও,1
ইনফ,1
িনদ,1
ুনস,1
পনজ,1
অন্যভ,1
মনও,1
তনট,1
আনে,1
বনট,1
িন্তি,1
সন্ন্যা,1
সন্ধা,1
কন্ট্রো,1
ানদ,1
েনো,1
ুনু,1
রনে,1
িনী,1
রন্তন,1
মনো,4
েন্টে,1
ইন্দ্রে,1
ধনস,1
অন্যা,1
ইনশ,1
জনত,1
মন্বয়,1
পন্ডি,1
ানচ্য,1
অন্তর,2
অন্তত,1
য়ন্ত্রন,1
মন্থর,1
অন্তঃ,2
ওনে,1
ান্ড্রে,1
লন্ঠন,1
অন্ত্যজ,1
ান্থ্রা,1
অন্তর্দ্ব,1
অন্তর্হ,1
ানর,1
লনে,1
হনক,1
জনি,1
দনপ,1
ঘনর,1
পনই,1
ুনঃ,5
ঠনে,1
ঘনত্ব,1
মন্দা,1
ুনর,1
জন্মা,1
আনক,1
ননক,1
ীন্দ্রন,1
ঊনপ,1
আন্দো,1
জন্মি,1
য়ন্ত্রণ,1
জন্মগ,1
আপন,6
উপর,3
রপর,3
াপড়,3
ওপা,1
াপদ,1
ুপ্রে,2
অপে,1
িপর্য,2
াপি,2
উপা,6
িপদ,2
নপদ,1
রপা,3
উপস্থ,3
িপো,2
েপা,3
অপর,3
সপ্তা,1
উপদ,2
মপি,3
াপে,4
েপে,1
ংপু,2
াপা,5
কপা,2
ওপে,2
আপড,1
াপো,1
নপ্রি,1
ঁপা,2
াপন,4
ৎপর,1
উপন্য,1
াপু,3
াপট,2
উপশ,1
শপর,1
িপর্ব,1
ণপ্রি,1
টপা,2
াপ্রক,1
নপা,1
াপী,1
ুপু,1
ূপই,1
উপল,3
েপি,1
অপূ,1
ুপচ,1
নপু,1
ৃপক্ষ,1
ীপক্ষ,1
াপম,1
ুপে,1
ূপে,2
ুপি,1
উপক,5
রপে,1
অপচ,1
দপত্র,1
ুপা,2
অপা,2
ূপব,1
উপজ,1
োপন,1
উপহ,1
নপ্রা,1
সপা,1
শপথ,1
ৎপা,1
োপা,1
াপক,1
গপত্র,1
াপত্য,1
ূপা,2
ূপশ,1
োপী,1
তপক্ষ,1
আপ্যা,1
িপক্ষ,1
িপস,1
লপক্ব,1
িপ্রা,1
আপা,1
ীপে,1
ঃপু,2
ৎপল,1
িপ্সা,1
রপু,1
াপ্পা,1
নপত্র,1
ঃপর,2
ঃপ্রক,1
ঃপ্রব,1
ঃপ্রত,1
নপঞ্চ,1
তপো,1
অপক্ষ,1
অপি,1
কপ্রক,1
ুপূ,1
অফি,3
শফু,1
িফি,3
াফল্য,1
ুফু,1
লফি,1
কফি,1
োফা,1
সফল,1
াফা,1
রফর,2
নফর,1
উফ্,1
াফি,4
লফল,1
াফল,1
হবে,2
আবা,3
াবা,12
এবং,1
াবে,37
কবে,5
এবা,1
াবত,3
রবে,6
সবা,3
সবস,1
শব্দে,3
েবে,12
তবে,1
েবল,1
অবস্থ,2
সবচ,1
অবশ্য,2
ীবন,10
াবি,15
লবে,4
সবই,1
ুবই,1
সবু,2
িবী,2
িবে,9
াবী,3
অবি,4
রবা,3
খবর,4
নবে,3
জবু,1
সবে,2
তবু,2
ছবি,2
িবা,11
সবক,1
সবজ,2
আবি,2
সবশ,2
অবা,1
াবল,3
োবা,10
তবা,4
ীবি,2
গবে,1
িবো,1
রবর্ত,2
েবী,3
াবু,2
েব্রু,2
াবহ,1
কবা,4
থবা,1
াবড়,1
ইবা,1
অবল,1
িবু,2
িবর্ধ,1
ইবে,2
অবজ্ঞ,1
খবি,1
োবে,1
েবো,1
সবট,1
কবু,1
আব্বু,2
টবৃ,1
মবে,1
অবশ,2
াবধ,1
াবন,5
ঝবে,1
খবে,1
ঠবে,1
লবু,1
টবে,3
লবি,2
মবা,4
লব্ধি,1
নবা,3
িবর্ত,2
ড়বে,1
লবন,2
রবি,3
িবহ,1
াবছ,3
েবা,4
রবত,1
শবন,1
আবহ,1
াব্বি,1
াবো,1
ুবা,2
লবা,4
অবধ,1
িবছ,1
ুবি,3
াবঞ্চ,1
শব্দট,2
রব্বি,1
ঝবর,1
াবর,1
ুবে,1
আবও,2
ীব্রত,1
কবল,2
ংবর্ধ,1
ংবা,2
ণবত,1
পবত,1
হবু,1
জবা,4
গবা,3
ুবল,1
ড়বা,1
িবি,2
কবি,1
াব্দী,2
অবয়,1
আবছ,1
াবট,2
দবি,1
াব্যা,1
অবস,1
টবল,1
ুব্ধক,1
াবক,1
লব্যে,1
াবড্য,1
অবর্ণ্য,1
িবর্ত্ম,1
ীবহ,1
াবস,1
আবে,1
ষবা,1
লবো,1
সবৃ,1
রবী,1
োবন,1
হবা,1
াব্যগ,1
িভি,2
ীভা,2
এভা,2
োভা,5
ুভব,1
অভা,2
ইভা,2
আভা,1
অভি,9
অভ্যা,2
ুভ্রত,2
ইভি,1
ুভে,2
রভি,1
ওভা,3
নভা,2
াভো,1
িভক্ত,1
িভা,4
সভা,1
লভা,1
অভ্যস্ত,1
ুভূ,2
িভূ,2
গভী,1
াভা,3
ীভৎ,1
ছভর,1
ৌভা,1
িভৎ,1
খভা,1
মভা,1
োভি,1
রভা,1
য়ভা,1
েভা,1
উভয়,1
িভু,1
আমা,8
আমি,3
এমন,5
ুমি,5
োমা,6
সময়,11
োমর,1
ামন,3
সমু,6
সম্ভব,3
সমস্য,3
েমন,4
ামী,6
ামে,7
সমস্ত,1
আমর,1
নমা,1
ামর্শ,2
আম্মা,1
ৌমা,3
হমর্ম,1
েমে,2
আম্মু,2
থমে,3
সম্মা,1
সমা,4
ামা,16
কমল,1
ুমা,4
ুমড়,2
শমি,1
জমি,5
এমপ,3
িমা,4
চমক,1
সম্পর্ক,2
নমে,1
জমা,1
ুমত,1
ামক,2
ুমে,6
ুমট,1
সম্পদ,1
িমন্ত্র,1
ামি,9
কম্পি,1
অম্লা,1
নম্বর,1
সম্পন্ন,1
ড়মো,1
সমচ্চ,1
সম্বি,2
ামল,4
কমত,1
কমই,1
োমল,1
টমি,1
ামব,2
হময়,2
রম্পর,1
অমন,1
ধমক,1
আমল,1
রম্যা,3
ামম,1
মমা,1
রমর,1
রমা,1
চমৎ,1
ূমি,1
ইমে,2
োমে,1
আম্ফা,1
ামু,1
ণমা,1
থমব,1
াম্বা,1
োমু,1
োমব,1
য়মত,1
নমূ,1
গমগ,1
ীমত,1
েমা,1
পমত,1
েম্বর,1
ীমউ,1
কমা,3
িমু,3
থমদ,1
ামত,3
দমক,1
সম্বল,1
শমত,1
ামছ,1
ুমু,1
থমথ,1
উমা,2
য়মক,1
সম্মত,1
ামর্থ্য,1
আমদ,1
জমক,1
োম্পা,1
ামস,2
ামড়,1
জম্বি,2
ামট,1
িমি,1
শমা,1
দম্পত,1
িমে,3
ামভ,1
ীমে,1
রমে,1
িমধ্য,1
অমূ,1
আমন্ত্র,1
লম্বি,1
িম্নম,1
ামগ্র,1
িম্নে,1
াম্পে,1
কমছ,1
সমন্ব,1
সম্প্রদ,2
গমন,1
েম্ব্রে,1
সম্ভ্রম,1
ীমা,1
ামদ,1
জমদ,1
অম্লপ,1
য়মে,1
েমন্ত,1
ণমো,1
সম্বন্ধ,2
োমত,1
সমৃ,1
লমা,1
তমা,1
তমি,1
ঘমা,1
ামঠ,1
ইমু,1
সম্ভা,1
িমঘ,1
ুযো,1
িযো,2
্যা,5
নযো,1
্যো,1
ুযা,1
আযা,1
ংযো,1
িযু,1
ণযগ্য,1
ংযু,1
ইযে,1
হযো,1
করে,11
করু,1
করত,6
ারা,33
ুরু,9
ারে,39
ইরে,3
করা,10
ধরে,4
করল,6
মরা,3
আরও,1
করব,3
ঘরে,2
পরে,5
েরি,3
এরপ,1
ারি,23
ুরো,2
িরে,6
পর্যন্ত,1
করো,4
এরা,2
ারণ,10
ৈরি,1
ভরে,1
ারো,3
েরা,10
করি,7
শরী,3
ারপ,4
দরজ,5
ারত,5
ারব,4
েরো,5
পরা,5
পরী,4
ূরে,1
িরা,8
মর্মি,1
িরল,4
পরি,21
ারছ,3
ুরে,8
েরণ,2
করছ,7
ির্দে,3
আরে,3
বরং,1
গরম,1
ুরত,1
ারল,3
পর্যস্ত,1
সরক,4
জরু,2
ুরী,3
হরণ,1
োরে,6
গরে,2
ধরত,1
বরট,1
ুরি,4
সরে,2
ারী,4
পরূ,1
ৌরব,1
ির্ভা,2
েরে,5
ারও,7
এরক,1
অর্থন,1
ূর্তি,1
ির্বা,1
ার্জন,3
জরি,1
ীরে,4
বর্ণন,1
ির্দি,1
পরব,2
বর্তী,3
লরা,2
তরট,1
ার্তা,1
ইরা,2
ূর্তে,2
ার্যক,1
ারক,6
কর্কশ,2
বরদ,1
ওরা,1
পর্যয়,1
ারভ,1
ুর্দা,2
পরপ,1
বরে,1
দরে,1
ারই,4
ঘরট,1
তরা,4
বর্ধন,2
ুর্না,1
ির্দয়,1
ার্টি,2
ভর্,1
ধরা,2
ারট,6
োর্টে,1
ূর্বদ,1
ারস,2
ওরও,1
ুর্ঘট,1
অর্জন,2
কর্তা,2
ভরস,1
ারশ,1
সরল,2
পরম্প,1
পর্বে,2
কর্মী,2
জরে,2
বরব,1
ারম্য,1
েরই,3
ভরব,1
মরম,1
ূরণ,1
অর্থে,2
ূর্বে,2
ারদ,2
ূর্যে,1
ডরে,1
ার্গি,1
োরা,4
ূর্ণি,1
দরু,1
ুরা,5
তরে,2
ার্থে,2
ভরত,1
ির্মা,2
ীর্ঘস্থ,1
োরো,1
বর্তন,2
েরট,1
ার্টে,2
ধরল,2
অর্ডা,1
িরক্ত,2
ার্সো,1
দরক,1
ধরন,1
আরক,1
ীরব,1
জরক,1
িরন্ত,2
ীর্ণত,1
ার্বত,1
মরি,2
তর্পণ,2
ূর্বপ,2
শরর,1
ার্থক,2
ীরট,1
েরক,4
োরি,1
ূর্গা,2
ীরূ,1
টর্নে,1
ুর্যো,2
িরপ,1
ুর্দশ,3
নর্বা,1
খরচ,1
ুরব্ব,1
বরা,1
ূর্বা,1
ূরত্ব,2
ারস্ব,1
মর্শম,1
করণ,4
ীরা,3
ৃরূ,1
ারহ,2
িরো,3
োরক,1
ারগ,1
ধর্মী,1
সর্বো,1
মর্যা,1
মরণ,1
ার্মে,1
ুরই,1
বর্তম,1
ূর্ভি,1
উরে,1
ঠরে,1
ঝরছ,1
চর্মস,1
ার্গে,1
িরি,2
ভরা,2
ুরন,1
শরু,1
পরত,1
নরা,3
োর্টা,2
ির্ভর,1
েরও,2
হরে,2
হরক,1
ারফ,2
ফরম্য,2
ির্ধা,1
এরই,1
ারর,1
ররা,1
দর্শী,1
ফরম,1
দরট,1
সরি,1
আরা,1
সর্দি,1
খরা,1
গরি,1
হরই,1
মরে,1
ঝরে,1
িরত,3
িরছ,1
থরগ,1
ুর্বল,2
বর্ডা,1
ার্নি,1
বর্ষা,2
গরু,1
ঊর্ধ্বম,1
বরই,2
ভর্তা,1
ফরা,1
ারন,1
কর্মধ,1
ারয়,1
গর্ভা,1
কর্মা,1
পরস্প,1
শরা,1
ৌরজ,1
পর্যা,1
োর্ডে,1
আরম্ভ,1
ির্জা,1
পর্বত,1
ধর্মগ্র,1
তরব,1
িরণ্ম,1
ির্মি,1
ার্কল,1
অর্থগ,1
দরা,1
তর্কে,1
বর্গী,1
মর্ত্যে,1
ৈর্ব্যক্ত,1
ূর্ছন,1
কর্ত্রী,1
আর্দ্রত,1
ুর্লভ,1
ার্শ্বি,1
ার্হস্থ্য,1
ংরে,1
নরে,1
তরঙ্গ,2
ভরপ,1
ার্লি,1
চরণ,1
িরশ্ছ,1
পরশ,1
ৌরা,1
ারল্য,1
কর্তৃ,1
শরৎ,1
মর্ণে,1
ণরা,1
ৈরা,1
িরু,1
দর্শে,1
ধরু,1
ঊর্ধ্বে,1
মরছ,1
ঘরো,1
আরক্ত,1
ারু,1
এরূ,1
দর্শন,1
সর্বা,1
ুর্জ্ঞে,1
োর্ফা,1
চর্মণ্ব,1
হলো,2
বলে,14
চলে,2
ালো,15
বলত,5
রলা,4
হলে,8
বলল,4
ললে,5
েলে,29
ালে,18
খলা,1
েলা,17
ুলো,37
ঝলা,1
বলা,4
ুলে,7
বলছ,3
িলা,26
রলে,5
হলা,1
চলব,1
ংলা,4
সলে,5
োলা,9
ালি,8
িলে,14
জলদ,1
সলা,1
কলা,3
ালন,2
চলছ,1
আলো,5
কলে,4
ালয়,6
আলা,1
ইলা,2
চলা,3
বলব,6
ড়লা,1
এলা,3
ুলন,1
খলে,3
গলা,4
নলা,2
ালচ,1
মলা,4
ললা,2
ুলি,6
ালক,5
এলো,1
চলি,2
বলি,2
বলদ,2
েলল,3
চলল,1
পলি,1
ালা,21
ঠলা,1
জলর,2
এলি,1
েলো,4
েলত,2
বলো,1
ুলু,2
ইলট,1
দলে,1
িলো,1
আলত,2
চলো,1
ঠলো,1
আল্লা,2
রলত,1
ুলধ,1
াল্গু,1
ষলধ,1
গলি,2
ছলে,1
ুলল,1
গলে,2
কলি,3
ফলা,3
তলি,1
ঘলা,1
োলো,3
ুলব,2
জলো,2
েলফ,2
কল্পে,1
পলক্ষ,2
ৌলব,1
পলব্ধ,1
ইলে,7
রলো,1
ালভ,1
ূলক,1
চল্লি,2
িলি,2
ালী,2
ালত,3
ুলগ,2
সলি,2
েলি,3
ুলও,1
এলে,1
ূলব,3
ূলী,1
গল্পে,2
তলে,1
েলব,1
চলত,2
ূলে,2
উল্টে,1
ৌলি,1
োলে,4
ঝলে,2
সলজ্জ,1
ড়লে,2
োলু,1
কল্পন,1
আলু,1
গলো,1
ফলন,1
কলো,1
ালও,1
ালগ,1
োলি,1
ুলত,1
অলআ,1
অলি,1
মলে,2
গল্পগ,2
ুলা,1
আলট,1
অলস,1
ীলত,1
বলী,1
চলু,1
িলত,1
ঢলে,1
বলু,1
উল্লে,1
ূল্যব,1
উল্লা,1
তলা,2
দলো,1
উল্টা,1
ঝলি,1
কলব্য,1
িলক,1
য়লে,1
ালপ,1
অলঙ্ঘ্য,1
অলঙ্ঘ,1
আলস্য,1
ৎলা,1
অলক্ষ্য,1
ালব্য,1
উল্কা,1
গল্ভত,1
েলু,1
রল্যত,1
োলম,1
উল্টো,1
াল্যক,1
জলে,1
েলছ,1
দলও,1
ৈলে,1
োলন,1
ফলে,1
বল্কল,1
িল্বি,1
কল্মষ,1
াশে,14
াশু,3
েশে,5
েশি,2
েশন,8
িশ্বা,6
িশ্রম,1
ুশি,3
িশ্রা,1
ংশে,2
ুশে,1
িশো,3
িশ্চয়,4
আশে,2
আশা,3
নশন,2
বশত,1
ঃশ্চি,1
িশড,1
দশম,1
আশ্বি,1
াশফ,1
ংশধ,1
কশা,1
বশ্যই,1
ুশ্চি,2
আশ্বস্ত,1
িশা,6
াশি,5
েশ্যে,1
িশে,5
নশে,1
ঁশক,1
েশট,3
ৈশি,1
েশী,3
দশা,3
আশ্বা,1
আশঙ্ক,2
িশ্চি,2
রশি,2
পশি,1
েশা,2
াশা,4
েশক,2
ংশপ,1
িশু,2
বশে,2
িশ্বব,3
আশ্রম,1
াশই,1
নশা,2
াশব,1
মশা,1
ংশর,1
িশশ,1
শশে,1
াশং,1
িশি,1
িশ্বক,3
াশো,1
ৈশো,1
িশখ,1
আশং,2
েশম,1
আশ্রয়,2
পশ্চি,1
পশু,1
ঃশ্বা,1
বশি,1
াশর,2
ইশ্,1
চশম,1
ঃশব্দ,1
ডশি,1
পশক্ত,1
িশ্বে,1
আশ্লে,1
িশয়,2
িশব্দ,1
অশ্বথ,1
াশ্মী,1
রশ্ছে,1
রশু,1
ৈশজ,1
বশ্যত,1
িশ্বচ্য,1
ঈশ্বর,1
ুশী,1
াশন,1
ৃষ্টি,9
ুষে,4
েষ্টা,2
িষ্টি,1
ুষক,2
িষ্পা,1
িষয়,4
ুষগ,3
ঔষধ,1
িষে,3
েষণ,2
াষি,2
িষি,1
েষে,5
াষা,2
েষা,1
ুষ্ঠা,3
ৃষ্ঠা,1
িষণ্ন,1
োষা,1
ুষট,1
ুষু,1
আষা,1
ুষল,1
োষক,1
ুষ্টু,1
োষণ,2
ীষণ,1
ুষত,1
ুষদ,2
ূষণ,1
িষ্ণু,1
কষা,2
িষ্পে,1
েষি,1
যষ্ঠি,1
িষ্ঠা,5
ুষা,1
ৃষি,1
াষী,1
কষ্টই,1
েষও,1
ওষু,1
ুষ্টি,2
ঁষে,1
িষ্ক্রি,1
ুষ্কর্ম,1
ৈষ্ণব,1
ৃষ্ণক,1
িষ্কল,1
িষ্যা,1
িষ্কে,1
িষ্কা,1
ীষ্মক,1
ুষ্মা,1
িষ্ফল,1
িষ্প্রয়,1
ঋষি,1
কষো,1
িষ্যে,1
েষব,1
অষ্টম,2
োষে,1
ৈষ্কর্ম্য,1
ৃষ্বস,1
বসে,6
এসে,5
এসব,1
াসা,13
বসম,1
আসত,1
বস্থা,2
আসে,2
মস্যা,3
আসল,2
েসব,4
াসে,22
বসল,3
াস্তা,4
াসি,9
াস্টা,4
েসে,4
কসা,1
অসম্ভ,1
আসন,1
আসব,2
ংসা,6
ইসব,1
আসা,4
িসে,6
পস্থি,2
অসী,3
অসা,2
াসব,1
আসি,1
ুসত,1
রসি,1
বসু,1
াসন,9
বসা,2
ইস্,1
ণস্থা,1
কসই,1
হসন,1
িসি,3
অসু,2
হসী,2
য়সে,3
ংসট,1
পস্থা,1
ৎসন,1
সস্ত্রী,1
আসছ,1
াসত্ব,1
রসা,2
াসও,2
ৎসা,1
িস্টে,1
াসছ,1
ীসে,2
তস্যা,1
সস্নে,1
াসঘ,1
েস্তা,1
ংস্থা,1
দসহ,1
নসহ,1
াস্যক,1
বস্তা,1
ুস্থভ,1
ঃস্বপ্ন,1
আসো,1
িসহ,2
নসভ,1
ুসল,1
জসী,1
নস্টা,1
কসম,1
াসী,6
অসং,1
ইসড,1
নসি,1
াস্তব,1
রস্বর,1
আসন্ন,1
াসই,1
িস্ট্রে,1
তস্তত,1
বসো,1
িসূ,1
এসো,1
হস্যজ,1
িস্থি,2
মসহ,1
াসপ,1
েসি,1
অস্থি,1
ফসল,1
োসল,2
রসু,1
ীসহ,2
াসহ,1
ীসব,1
আসর,1
অস্বস্ত,1
নসা,2
লসে,1
াস্টব,1
বসর,1
াসগ,1
বসি,1
িস্তা,1
বস্তু,2
াস্ত্রম,1
রস্পর,1
ুস্মি,1
অস্ত্রে,1
ুসম,1
ুসং,1
ংস্কা,1
কসি,1
পসই,1
ুস্বা,1
াস্ত্রে,1
ভস্মে,1
িস্টা,1
হস্পর্শ,1
ৎসব,1
রসং,1
মস্তি,1
অস্পর্শ্য,1
িস্ত্বক,1
আস্ফা,1
োস্কা,1
বসন্ত,1
ঃস্থল,1
ঃস্ফূ,1
আসক্ত,1
ূসর,1
খসি,1
ৎসু,1
াস্থা,1
াহল,5
াহা,9
াহস,4
শহর,5
মহা,12
বহা,2
সহম,1
ইহো,1
ধহয়,1
াহর,2
গহন,4
াহি,4
াহে,3
সহক,1
ুহূ,3
ুহা,1
েহে,3
বহৃ,1
বহু,3
োহন,1
েহা,2
সহজ,2
োহম,1
আহা,2
মহো,1
বহন,2
াহন,1
াহু,2
ৃহি,1
াহো,1
ওহা,2
রহি,1
রহা,1
েহগ,1
পহা,1
রহস্য,1
মহি,1
সহই,1
সহা,1
োহা,1
আহ্বা,1
আহ্লা,1
শহী,1
মহক,1
াহী,1
াহত,1
এহে,1
বহি,1
ীহা,1
সহস্র,1
াহ্ণে,1
াহ্মণ,1
িহা,3
িহঙ্গ,1
াহং,1
ৃহব,1
েহম,1
িহি,1
সহয,1
মার,14
তার,27
তাদ,4
তাক,10
সাথ,2
যায়,4
মাক,5
মাদ,4
বার,41
কাছ,6
থাক,15
বাড়,13
কাজ,8
ভাল,10
পার,29
বাব,8
মান,29
নার,14
বাই,10
তাই,1
যাও,5
য়ার,15
নাক,1
গাড়,7
লাম,47
বাস,20
সায়,3
হাজ,4
জার,10
যাব,5
ঠাৎ,1
সার,15
রাদ,2
রার,5
পাশ,15
ভাব,41
তাহ,4
থাও,2
পাও,3
মাথ,4
যাচ্ছ,5
হাত,8
মাঝ,5
খার,5
রাপ,2
দাঁ,11
নাদ,2
মাছ,3
কাই,1
গাছ,7
শাশ,3
পাঁ,3
সাম,9
চাচ,5
কাল,20
হার,14
ঝায়,1
থায়,4
মাত্র,3
সাত,1
জান,24
নান,6
সাধ,4
ধার,11
কার,39
বাজ,13
খান,16
ভাই,7
মাস,5
দায়,9
রাগ,6
জাল্ট,1
রাত,8
পায়,5
বাক,5
লাগ,16
সাদ,4
সাহ,7
হায্য,1
দাও,1
যান,3
বাং,4
নাম,13
য়াল,3
ছান,4
নায়,8
কাশ,10
পান,5
জায়,6
গান,6
তাও,2
ছাত,5
খাল,4
বাঁ,9
টাক,7
চাই,5
ছাড়,9
গাম,3
মায়,5
খাপ,2
চাক,5
জাও,3
কাপ,4
ছাদ,2
শান্ত,3
চায়,3
তাম,8
খাব,7
থাগ,1
খাই,2
রাস্ত,3
হাস,9
পাল,2
হাঁ,3
দাব,3
লার,12
রাখ,10
মাস্ট,4
রাম,11
পাড়,6
লাল,5
হাল,6
রান্ন,1
বাদ,6
যার,2
খাত,7
তায়,6
যাক,2
চার,11
ডাক,10
গাব,1
লাদ,3
টান,8
তাঁ,1
মাঠ,4
নাই,2
নাত,4
ঠান্ড,1
সান্ত্ব,1
পাখ,5
কান্ন,1
নাস্ত,1
থাট,1
পাই,2
যাই,2
লাচ,1
য়াজ,5
ছায়,2
লাক,6
কায়,5
লাপ,1
তাত,2
তাট,2
হায়,2
খাও,5
ভার,9
ড়াল,5
থাই,1
রান,5
শাড়,1
টাস,1
লাঙ্গ,1
দাহ,1
সাগ,3
ড়াক,1
বাধ্য,1
গাত,1
ভাস,4
সাড়,3
লায়,4
হাম,2
মাং,2
যাত,1
চাপ,4
ভাঙ,2
মাধ্য,1
থাম,3
পাত,8
নাও,3
মাত,4
খাঁ,6
কাত,4
ঘাট,2
যাদ,1
ভাগ্য,3
নাল,9
পাঠ,3
পাব,2
পাচ্ছ,5
বাহ,3
রান্দ,2
কাক,2
গাদ,1
ডাল,1
জাজ,1
বাক্য,3
দান,8
বাম,1
কাউ,1
হাখ,1
বাত,4
দার,7
শাস,7
ধাপ,1
মাট,4
লাভ,1
চাত,1
চাষ,4
তাস,4
পার্জ,2
চাল,7
লান,8
খাচ্ছ,1
গাই,3
শাক,2
ধাত,1
যাস,1
সাই,4
শাল,6
রাশ,4
পার্ক,1
মাণ,2
কাড,1
ড়ান,6
দাদ,3
বার্ত,1
তাশ,4
রাল,2
পাধ,1
কান্ত,3
য়াব,3
ড়ায়,7
কার্য,1
ভাষ,2
ষায়,2
লাই,8
সাপ,2
চান,2
পাট,2
টাত,2
যাত্র,4
ছাক,1
বাগ,3
নাগ,3
খাম,2
রায়,8
ঘাব,1
নাহ,2
ধান,6
ফাই,2
কাট,12
টাই,8
দাম,6
চাদ,3
কাঁ,4
টার,10
ধাক্ক,1
ডাক্ত,1
তাড়,5
ড়াত,6
সার্ট,1
নাঘ্র,1
খাট,3
ঢাক,4
নাচ,1
কাঙ্ক্ষ,2
দাস,1
খাদ্য,1
মাপ,2
বান,8
ভাগ,3
রাজ্য,1
সাজ,2
হাই,1
তাল,4
ঝাল,3
লাত,3
ঘাপ,1
চাট,1
টাও,6
রাই,6
সাফ,2
কান,8
ঠাব,1
ডার,1
হাভ,1
চাচ্ছ,1
শার,5
জাট,1
যাঁ,1
ভাজ,1
কাদ,2
ষাঢ়,1
ভাদ্র,1
ফাল্গ,1
তাছ,1
নাড়,3
বাট,2
নাপ্র,1
গাল,3
লাজ,1
সাব,2
গার,1
ধাব,4
মাল,4
মাঘ,1
ঘাত,3
ছার,1
শায়,3
য়াট,3
পাপ,1
বাদ্ন,1
সাল,3
চাও,1
লাও,2
বাচ্চ,4
শাব,1
মাঞ্চ,2
ফাল,2
ঝার,1
হা্,1
নার্গ,1
য়ান,3
রাহ,1
য়াত,2
সাঁ,5
মাম,2
হাস্য,1
লাব,1
তাং,1
কাব,4
বাল,1
ছাগ,1
ঝাত,1
য়ায়,4
পাঞ্জ,2
ভাড়,2
ড়াট,2
সাক্ষ,3
নাম্ব,1
শার্ট,2
কাম,4
নাথ,2
ছাত্র,3
বাঘ,1
লান্স,1
নাব,2
ভায়,2
পার্স,1
গান্ত,1
টায়,5
জাস্ট,1
য়াক্ক,1
লাহ,2
শান,2
কাড়,1
থার,1
হাও,3
পার্ব,1
ড়াহ,2
যান্ত্র,1
লাক্স,1
ভান,2
জান্ত,1
বাঙ,1
ঙাল,1
ঠাত,1
যাহ,1
সান,4
ছাব্ব,1
মার্চ,1
জাদ,2
খায়,1
ছাই,1
ঠার,2
হার্ট,1
যাট,1
ড়ার,4
ঘাঁ,1
পাক,2
ড়াশ,1
মাধ,1
বাস্ত,1
ষাঘ,2
রাক,1
রাব,1
গাং,2
জাল,1
পার্ট,2
হাব,2
রাজ,4
নাঘ,1
রাট,2
ঘাড়,3
য়াই,1
জাঁ,1
য়াও,1
ডাউ,1
ফার্ম,1
গায়,1
হাড়,4
চাম,1
য়াশ,3
টার্গ,1
ঝাপ,1
কাঠ,1
হাউ,1
মাউ,1
মাজ,3
শাগ্র,1
থাস,1
সাধ্য,1
নাফ,1
ফার,1
পাদ,2
রাও,1
সাগ্র,1
হাপ,1
জাত,2
বাপ,1
নাস,1
নাছ,1
বান্দ,1
ড়াচ্ছ,1
ভাত,1
ছাপ,1
চাব,1
মান্য,1
তাব্দ,2
কাহ,2
নাভ,1
রাস,2
পাহ,3
সার্থ,1
শাজ,1
ফাস্ট,1
লাখ,1
য়াড়,2
ড়াই,1
কাগ,3
লাচ্ছ,1
ঝাঁ,1
কাস্ট,1
টাম,1
ফাঁ,2
চার্জ,1
ড়াছ,1
ড়াও,1
মাব,1
ণাদ,1
নার্জ,1
ডাস্ট,1
য়াদ,1
থাব্য,1
টাল,1
চাহ,1
শাপ,1
গাফ,1
ঠান,1
পান্ত,1
গাট,1
পাথ,1
কার্ন,1
মান্ত,1
মাখ,1
বাগ্ম,1
বাক্প,1
শাস্ত্র,2
ণাক,1
তাব,1
মাশ,1
রাফ,2
কাগ্র,1
পান্থ,1
সান্ধ্য,1
ণাল,1
কাম্য,1
মাহ,1
শাহ,1
ঢাল,1
দার্থ,1
পাস,1
য়াস্ত্র,1
কাগ্র্য,1
পাঙ্ক্ত,1
সাঙ্খ্য,1
সাং,1
বাঞ্ছ,2
কাট্য,1
তাত্ত্ব,1
ডায়,1
পাণ্ড্য,1
সাক্ষ্য,1
কাৎ,1
ডার্ক,1
রাধ্ম,1
হান্ড্র,1
যান্থ্র,1
পার্শ্ব,2
কাশ্ম,1
তাগ,1
রাষ্ট্র,1
গার্হ,1
হাক,1
রাহ্ণ,1
বায়,1
শাখ,1
ষাণ্ম,1
বার্ল,1
জাম,2
ধাপ্প,1
রাত্ম্য,1
রাঙ,1
কাত্ম্য,1
কাত্ম,1
জাপ,1
রাগ্য,1
লাফ,1
রাং,1
হার্য,1
ঠাট্ট,1
টাব,1
বাদ্য,1
বাল্য,1
গাঁ,1
রাৃ,1
ঠাক,1
জাহ,1
হাঙ্গ,1
কাব্য,1
থাস্থ,1
ঘাক,1
বাঙ্ম,1
যাচ্ঞ,1
জাড্য,1
দার্ঢ্য,1
যাজ্ঞ,1
রাঙ্ম,1
নিয়,19
দিয়,6
তিন,6
কিন্ত,1
কিছ,13
ছিল,37
গিয়,7
দিন,25
ড়ির,4
দিত,3
নিজ,5
বিভ,7
ভিন্ন,2
নিত,10
দিক,11
রিয়,8
ভিত,4
ড়িয়,9
দিল,4
রিক,6
কিয়,3
ফির,7
বিয়,4
মিষ্ট,1
ড়িত,2
ঠিক,4
তিদ,2
য়িত্ব,2
লিখ,4
ছিয়,1
রিন,2
নিচ,2
বিছ,3
নিউ,2
মিল,4
থিব,2
মিই,1
মিয়,3
মিন,2
নিট,2
নিব,3
জিজ্ঞ,1
পিছ,2
সিট,3
দিও,2
নির,8
টিম,3
বিশ্ব,14
কিন,5
নিষ্প,2
রিশ্র,1
চিত,4
বিশ্র,1
নির্দ,5
ভিজ,5
নিল,2
রিদ,1
বিপ,5
পিয়,4
খিচ,1
ধিক,1
রিব,11
ড়িট,2
হিস,1
বিষ,5
দিদ,3
ফিস,3
কিশ,3
মিড,2
ডিয়,2
রিপ,2
সিয়,2
নিশ্চ,6
ঠিন,1
ড়িক,1
চিন্ত,3
নিন,2
দিচ্ছ,4
বির্ভ,2
ভিব,1
লিয়,5
রিস,2
শিত,1
লিত,6
ঠিয়,1
লিশ,3
ভিয,2
মিক,6
তিট,2
হিত,2
বিন,4
নিষ,1
চিৎ,3
খিন,1
মিদ,1
তিক,2
টির,3
ষির,1
ভিষ,1
ষিক,2
নিশ,2
নির্ব,1
পিঠ,1
বিক,3
রিম,2
সিভ,1
ডিন,1
চিব,1
মিও,1
বিশ,8
ভিং,1
কিত,3
সিঁ,2
শিক্ষ,5
লিং,3
ছিন,1
শিট,4
সিদ্ধ,2
মিত,1
ভিউ,1
খিত,1
নিং,2
য়িত,3
টিয়,2
ভিজ্ঞ,4
কিক,1
জিন,3
নিস,3
শিব,2
নিম,5
তিথ,2
থিক,2
ফিক,3
হিন্দ,5
ছিস,3
চিগ,1
শিষ্ট্য,1
তিহ্য,1
রিত,5
লিক,5
বিস,2
সিএ,1
শিষ,1
বিচ,1
খিট,3
কিট,3
তিব,5
শিপ,1
টিল,1
লিস্ট,1
তিক্ষ,2
শির,6
বিন্দ,1
মিট,4
রিচ,4
শিখ,2
তিভ,2
বিব,4
চির,2
জিয়,2
লির,2
লিগ,2
ঝিন,1
লিজ,1
দিব,3
খিয়,3
দিই,1
বিদ,4
চিং,1
টিন,1
জিও,3
শিন,1
হিশ,2
সিড,1
তিগ্র,1
বিত,2
পির,1
নির্ম,3
বিখ,1
পিদ,1
টিক,7
মির,3
ড়িই,1
বির,9
মিজ,1
ণিত,1
তির,6
ডিক,1
চিঠ,2
ঠিট,1
সিং,1
য়িং,1
জিস,1
সিচ,1
জিঙ্গ,1
রির,4
নিষ্ঠ,1
সিল,2
সিআ,2
কিং,2
সিন,2
হিল,3
দির,2
থিত,1
টিপ,2
পিত,3
মিস,1
তিগ,3
মিষ,2
হিণ,1
রিল,1
ডিভ,1
টিফ,2
বিদ্র,1
লিদ,1
লিম,2
ডিস,1
বিষ্ণ,1
শিষ্ট,2
পিড,1
ডিট,1
চিয়,1
সিন্দ,1
বিল,2
খিও,1
বিধ,3
বিম,2
লিল,1
ধির,1
সিক,4
ষিত,1
রিণ,1
তিও,1
চিন,3
গিট,1
চিল,2
চিশ,1
নিখ,2
হির,2
চিত্র,1
তিষ্ঠ,5
বিদ্য,3
জিস্ট্র,1
জির,1
নিক,3
তিস,1
ভিন,1
রিং,1
রিস্থ,2
তিত,2
নিঃ,3
শিউ,1
রিড,1
ড়িস,1
ঘির,2
ছিট,1
রিক্ত,1
মিগ,1
পিঁ,2
ণির,1
নিচ্ছ,1
নির্ভ,1
টিং,1
সিব,1
হিন,1
সিম,1
নিশ্ব,1
ফিন,2
জিত,2
ড়িঘ,1
হিম,1
নির্ধ,1
তিম,2
ভিড,1
টিত,1
যিন,1
শিশ,1
ঢিল,1
হিদ,1
ভিড়,1
রিক্স,1
ফিল,1
টিগ,2
দিখ্য,1
বিস্ত,1
বিজ্ঞ,3
তিক্র,1
বিক্র,3
নিষ্ক্র,1
বিদ্ব,2
ড়িও,1
বিট,2
নিম্ন,2
মিথ্য,1
বিজ,2
নিষ্ক,1
ফিদ,1
ড়িষ্য,1
ধিব,1
ভিধ,1
বিক্ষ,1
শিষ্য,2
ঠিত,1
গির্জ,1
তিশ,3
টিস,2
ড়িধ,1
রিদ্র্য,1
নিন্দ্য,1
লিপ্স,1
গির,1
রিষ্ক,1
নিষ্ফ,1
নিষ্প্র,1
হিস্ত্ব,1
পিল,1
দিগ্ব,1
চিত্র্য,1
বিল্ব,1
পিত্ত,2
ধিক্য,1
তিহ,2
রিহ,1
বিম্ব,1
খিদ,1
বিহ,1
বিঘ্ন,1
ছিৃ,1
লিস,1
মিৃ,1
চিত্ত,2
ধিভ,1
তিক্ক্র,1
ণিক,1
তিচ,1
চিহ্ন,1
পিন,1
নিহ,1
কিল্ব,1
কীভ,2
জীব,11
রীর,3
নীল,1
মীক,3
বীর,3
রীক্ষ,4
চীন,4
গীক,1
সীম,4
দীর,1
ধীর,1
সীক,1
নীয়,5
তীক্ষ্ণ,1
ধীন,1
শীদ,1
কীস,3
শীত,3
তীয়,3
ভীষ,1
দীর্ঘ,1
ণীর,2
নীর,1
কীর্ণ,1
তীর,1
বীপ,1
দীন,1
ভীড়,1
লীয়,1
ভীর,1
সীর,3
তীব্র,1
ণীয়,2
লীন,1
তীত,1
বীই,1
বীভ,1
ষীদ,1
মীস,1
নীং,1
নীত,1
কীট,1
নীদ,1
লীল,1
হীদ,1
শীঘ্র,1
সীদ,1
হীন,1
দীপ,1
মীম,1
গীর,1
জীর্ণ,1
দীর্ণ,1
তীক্ষ্ম,1
বীন্দ্র,1
রুন,3
খুব,3
তুম,1
দুই,4
শুর,5
নুষ,10
শুধ,1
ঘুম,7
শুন,14
তুন,1
সুন্দ,2
মুখ,10
শুড়,3
পুর,11
তুই,1
গুল,39
মুদ্র,6
বুঝ,12
তুল,5
ছুই,2
রুম,7
খুন,5
গুছ,1
বুক,7
ভুল,4
ছুক্ষ,2
শুয়,1
খুল,2
সুয,1
কুন,5
নুন,3
খুশ,4
নুভ,3
ঘুর,3
নুপ্র,2
শুক,4
নুর,1
বুত,1
বুও,1
চুড়,1
রুর,4
দুট,2
কুশ,2
শুভ,3
মুক্ত,5
গুন,4
ছুট,1
ড়ুন,2
বুল,6
গুম,1
দুঃ,4
মুগ্ধ,2
শুভ্র,3
ফুল,3
নুদ,4
ফুস,1
বুদ্ধ,1
সুন,6
ভুগ,1
ছুদ,3
গুণ,2
ঢুক,4
খুঁ,4
মুছ,1
পুল,1
দুজ,2
সুস্থ,3
দুশ্চ,2
জুড়,1
নুম,1
মুহ,3
ছুত,1
যুগ,1
পুক,3
কুর,6
ঝুক,1
জুদ,2
সুখ,4
জুহ,1
দুর্দ,5
ধুয়,1
পুত্র,1
নুষ্ঠ,3
দুর্ন,1
লুন,5
চুপ,2
লুচ,2
গুর,4
রুত্ব,1
শুদ্ধ,3
পুন,9
কুঞ্জ,1
তুচ্ছ,1
হুদ,1
বুড়,1
দুর্ঘ,1
কুঁ,2
মুঠ,2
টুক,6
মুষ,3
ষুল,1
দুধ,1
মুড়,2
খুড়,1
ফুচ,1
নুধ,2
ফুফ,1
দুষ্ট,1
জুত,1
সুদ,3
সুঁ,1
দুপ,1
রুণ,1
সুর,2
কুম,4
পুষ,1
কুত,1
ঝুম,1
ভুন,1
ছুক,1
চুয়,1
কুল,1
ছুঁ,1
চুল,1
হুড়,2
রুষ,3
মুস,1
হুম,1
য়ুন,1
হুল,1
ধুর,2
হুব,1
সু্,1
দুর্য,2
সুব,3
মুর,1
শুই,1
ডুব,1
নুক,1
জুগ,1
সুপ,2
দুম,1
শুক্র,1
ঘুষ,1
বুন,1
নুয,1
মুদ,1
ছুর,1
লুপ,1
ফুট,2
সুই,2
ভুড়,1
মুন,2
ফুর,1
দুর,1
হুক,1
চুর,1
ষুধ,1
বুদ,1
শুট,1
সুগ,1
তুব,1
ঠুন,1
পুষ্ট,2
তুক,1
তুর,1
রুট,3
দুর্ব,2
গুড়,1
ড়ুম,1
দুষ্ক,1
যুক্ত,3
লুব্ধ,1
সুস্ম,1
কুস,1
সুস্ব,1
পুষ্প,1
পুড়,1
রুগ্ণ,1
মুচ্ছ্র,1
কুজ্ঝ,1
কুয়,1
কুট্ম,1
লুণ্ঠ্য,1
পুণ্ড্র,1
ঢুণ্ঢ,2
রুক,1
রুপ,1
গুত,1
শুষ্ক,1
দুর্ল,1
গুল্ম,1
কুষ্ম,1
যুদ্ধ,2
রুদ্ধ,2
সুত,1
ধুন,1
টুন,1
দুর্গ,1
যুগ্ম,1
পুণ্য,1
মুম,1
সুক,1
নুচ্চ,1
সুক্য,1
ভুক্ত,1
রুক্ম,1
দুর্জ্ঞ,1
নুপ,1
রূপ,9
দূর,6
সূর্য,2
শূন্য,1
মূর্ত,1
হূর্ত,3
পূর্ণ,1
পূর্ব,7
পূর,1
ভূম,1
কূপ,1
ঘূর্ণ,1
মূল,2
ভূত,3
দূর্গ,2
পূজ,1
ভূষ,1
মূখ,2
কূল,6
সূচ,1
দূর্ভ,1
চূড়,1
মূল্য,3
সূক্ষ্ম,3
মূর্ছ,1
মূর্খ,1
পূণ্য,1
ধূস,1
পূর্ব্য,1
বৃষ্ট,5
পৃথ,2
দৃষ্ট,2
মৃত্য,2
কৃত,7
হৃত,1
পৃষ্ঠ,1
বৃথ,1
সৃষ্ট,3
দৃঢ়,1
বৃক্ষ,1
তৃত,1
েৃৃ,1
ৃৃগ,1
তৃপ,1
গৃহ,2
কৃষ্ঠ,1
তৃর,1
শৃঙ্খ,1
মৃত,1
দৃশ্য,2
বৃদ্ধ,2
তৃপ্ত,1
কৃষ,1
তৃত্ব,1
কৃষ্ণ,1
কৃষ্ট,1
পৃথ্ব,1
গৃধ্ন,1
মৃদ্ধ,1
তৃষ্ব,1
থেক,2
দের,54
গেল,6
নেই,8
নেক,6
যেন,1
য়েছ,34
বের,8
গেছ,6
শেষ,10
দেখ,38
সেই,4
কেউ,3
জের,7
শের,7
বেশ,9
যেত,3
য়েক,5
বেন,21
দেও,3
নের,50
কেন,4
কেল,3
মেন,2
লেন,26
ভেব,5
ষের,4
দেশ,11
রের,36
ভেঙ,1
রেছ,9
য়ের,19
চেষ্ট,2
কেব,3
পেয়,8
মেল,1
ছেড়,1
কেই,7
চেয়,8
খেয়,2
রেন,3
সেট,2
ছেল,11
ফের,2
রেই,9
রেজ,2
বেঁ,2
তেই,18
খেত,1
ছের,2
পেল,3
জেক,1
তেম,2
মেয়,6
সেগ,2
কেট,9
কেম,1
ছেন,21
দেন,1
নেয়,1
জেদ,1
ফেস,2
গেই,2
রেখ,4
লেট,2
লেখ,11
ড়ের,8
বেগ,3
যেম,1
দেয়,3
খেল,12
ডেক,1
ধের,2
সেখ,2
খের,4
শেই,1
লেই,9
জেল,5
লেদ,2
ভেস,1
নেও,5
ফেল,8
ঙের,1
নেম,2
সেছ,6
কেজ,1
পেত,3
পেক্ষ,2
নেন,5
যেই,1
নেত,3
রেক,3
লেছ,11
তেল,3
লেও,6
নেব,2
গেও,1
খেছ,6
খেট,1
সেদ,3
সেব,1
যেখ,1
সের,20
ঢেউ,3
ড়েছ,3
শেপ,2
তের,10
লের,23
বেল,8
সেঁ,1
য়েদ,2
ভেঙ্গ,1
দেব,6
টেন,2
বেই,4
মের,7
চেন,3
টের,6
যেস,1
সেক,2
কেন্ড,2
বেড়,7
কের,9
খেন,5
য়েই,7
মেঘ,4
মেজ,1
জেট,3
ষেধ,2
দেই,1
বেধ,1
ঘের,1
ণের,8
টেক,1
ঠেক,1
নেছ,3
যেট,1
চেপ,1
খেই,2
সেন,2
সেজ,3
মেন্ট,1
রেল,1
সেঞ্জ,2
পেন,2
ভেচ্ছ,2
ফেব্র,2
ডেট,1
কেড়,1
লেব,4
শেখ,5
বেছ,2
গের,7
ঠের,2
যেহ,1
হেত,1
য়েন্ট,2
চের,1
ঠেল,2
য়েশ,3
বেচ,4
ঠেছ,1
কেষ্ট,1
কেঁ,2
দেছ,1
দেড়,1
তেও,6
বেস,1
চেহ,1
ভেং,1
গেজ,1
বেক,1
ঢেক,2
রেট,1
হেঁ,1
নেত্র,2
কেও,4
চেঞ্জ,1
রেগ,1
ডেন্ট,2
তেন,2
য়েস্ত,1
সেস,1
বেহ,1
সেল,4
মেশ,2
পের,8
ঙেন,1
জেন,2
থেম,1
ড়েই,2
খেপ,1
ড়েন,3
মেড,1
নেৃ,1
গেস্ট,1
ঝেই,1
ছেই,2
সেক্র,1
রেও,2
নেজ,1
চেক,1
ডেউ,1
ভেজ,1
কেন্দ্র,1
কেশ,1
সেম্ব,1
যেক,2
হেস,2
টেস্ট,1
য়েট,1
পেই,1
শেব,1
সেও,1
ভেল,1
মেই,5
যেগ,1
ছেও,1
য়েত,1
যেও,1
মেহ,2
নেড়,1
কেদ,1
বেয়,2
হেব,1
পেন্ড,2
মেক,1
টেল,3
বেত,2
বেড,1
মেও,1
পেট,2
চেত,1
ঝেছ,2
লে৷,1
সেক্ষ,1
পেশ,1
ছেচ,1
য়েও,3
ষেই,1
জেগ,1
চেও,1
টেই,1
বেজ,1
রেড,1
পেপ,1
মেট,1
ডের,1
ভেত,1
লেগ,1
ঘেঁ,1
হেদ,1
লেক্ট্র,2
য়েগ,1
হেন,1
বেট,1
লেজ,1
গেট,1
কেক,1
মেম্ব্র,1
ডেই,1
সেন্ট,1
বেদ,1
হেম,1
টেক্ক,1
ছেয়,1
লেন্ট,1
মেঢ্র,1
তৈর,1
নৈত,1
বৈশ,1
ধৈর্য,1
ধৈর্য্য,1
দৈন,1
সৈক,1
কৈশ,1
বৈষ্ণ,1
নৈর্ব্য,1
নৈক,1
দৈর্ঘ্য,2
বৈচ,1
নৈশ,1
বৈর,1
বৈধ,1
হৈচ,1
নৈল,1
নৈষ্ক,1
কোন,9
ছোট,2
তোম,5
কোথ,3
ফোন,4
চোখ,3
হোন,1
বোঝ,5
খোল,3
দোয়,2
লোভ,2
বোন,4
কোট,1
যোগ,6
হোক,3
রোন,3
খোঁ,3
রোগ,4
ঘোর,3
রোধ,2
বোধ,2
শোন,7
নোর,6
শোর,4
পোর্ট,4
লোক,9
তোর,2
নোভ,3
লোব,4
ঠোর,2
চোর,2
নোই,1
লোন,1
পোস্ট,1
লোর,3
বোত,2
মোট,3
ভোর,3
যোগ্য,2
রোজ,1
ফোঁ,1
য়োজ,4
ঠোন,1
গোঁ,1
তোল,3
সোন,2
দোস্ত,1
লোই,2
মোব,5
কোর্ট,1
য়োগ,2
মোড়,3
মোহ,2
লোট,2
পোষ,2
ছোট্ট,1
কোম,3
তোভ,1
দোক,2
নোক,2
নোদ,1
ভোজ,1
সোজ,1
রোদ,2
দোষ,3
হোস,1
রোই,2
ঘোষ,1
লোও,2
শোধ,1
খোর,1
জোত,1
গোছ,1
হোত,1
ষোল,2
রোয়,2
মোর,1
লোচ্ছ্ব,2
জোট,1
ভোল,2
দোড়,1
কোর,3
ফোট,2
লোয়,4
খোম,1
সোম,1
হোদ,1
ভোগ,3
তোয়,1
কোল,2
গোত,2
তোই,1
নোট,1
ঠোঁ,1
রোট,1
মোক,1
ডোর,2
নোয়,2
ছোব,1
জোড়,1
কোত্ত,1
রোপ,2
কোম্প,1
কোঠ,1
ঢোক,1
লোল,1
বোট,1
জোর,1
লোত,1
গোল,5
গোস,2
ছোড়,1
বোল,2
লোচ,1
ধোন,1
রোম,1
ড়োল,1
ড়োত,1
কোভ,1
যোজ,1
তোদ,1
হোট,1
যোদ্ধ,2
লোহ,1
দোট,1
বোম,1
লোপ,1
তোক,1
কোপ,1
বোর্ড,1
গোল্ড,1
কোষ,1
লোচ্য,1
নোব,1
নোস্ক,1
মোচ,1
শোও,1
ধোও,1
য়োল,1
পোব,1
কোর্ফ,1
পৌঁ,5
নৌক,5
সৌন্দ,2
বৌম,3
গৌর,1
দৌড়,2
মৌল,3
চৌক,1
বৌয়,1
বৌক,1
সৌভ,1
সৌর,1
রৌপ্য,1
সৌদ,1
চৌধ,1
দৌর,1
সৌক্ষ্ম্য,1
ব্দের,1
দ্রের,1
প্রতি,18
ট্রেন,3
প্রথম,5
চ্ছিল,7
প্রিয়,3
ধ্যেই,1
জ্ঞান,8
ত্রাণ,1
স্যার,4
দ্রুত,1
ক্লাস,3
গ্রাম,7
ষ্টিত,2
স্তার,2
ত্যাদ,1
জ্ঞেস,1
স্টেশ,4
স্টার,3
ক্ষেপ,3
প্রাণ,5
দ্মার,1
ব্যবহ,2
ক্ষেত,4
প্রাচ,1
শ্বাস্য,1
র্মিত,2
ষ্পাপ,1
ন্ত্বনা,1
প্রের,2
শ্বাস,7
ম্ভবত,1
প্রশ্নে,1
শ্নের,1
শ্রাম,1
র্দেশ,3
স্তায়,1
ব্যথা,3
ক্ষিণ,1
ড্রাই,2
ম্মান,1
গ্রহণ,2
প্রায়,2
প্রথা,1
স্ট্যাট,1
ক্ষ্যাত,1
ব্যক্তি,3
ক্তিগ,1
স্থিত,4
ঞ্চাশ,2
শ্চয়ত,2
ণ্টার,1
স্পটে,1
ধ্যমে,1
চ্চার,3
ফ্রেশ,1
ন্দর্যে,1
র্যের,2
র্ভাব,2
ব্যাল,2
ন্ধ্যায়,1
ভ্যাস,2
শ্চিন্ত,3
প্রচল,1
গ্যবত,1
ত্মীয়,1
ম্মুর,1
প্রবে,2
স্মরণ,1
ন্ডের,3
প্রবা,2
ন্দায়,1
স্বাদ,1
ক্তকে,1
শ্বিন,1
ভ্রতা,2
ষ্টির,2
ন্যের,1
প্তাহ,1
ন্দের,1
ন্বেষ,1
র্থনৈ,1
প্রশা,7
ন্যায়,2
ব্যবস,1
র্তিম,1
স্থান,5
ক্ষণস্থ,1
স্থায়,2
র্বাচ,1
প্রহস,1
স্ক্রিন,1
ক্যান্ট,2
ন্টিন,2
র্ণনা,1
ন্ধুর,2
স্নেহ,3
ব্যাখ্য,1
র্দিষ্ট,1
এ্য,2
র্তীত,1
ন্তায়,2
ব্যাপ,3
প্রমা,1
দ্দেশ্য,1
ক্ষিত,2
স্ক্রলি,1
ম্যাস,4
ঞ্জার,2
চ্ছাব,1
ব্রুয়,2
ট্রেন্ড,2
গ্যতা,1
স্কুল,3
র্যকর,1
প্রয়ো,4
ক্রসে,1
র্কশি,2
ট্রলা,3
শ্রদ্ধা,1
র্জনে,2
ছ্যাৎ,1
দ্ধান্ত,2
ক্তির,2
প্রকৃ,4
শ্বশু,2
স্বাম,2
ক্ষার,2
প্রস্তু,1
স্তুত,1
ন্টার,1
ন্যদে,1
ত্তেজ,1
র্দান্ত,2
জ্ঞতা,3
ম্যাচ,4
ন্তান,1
স্কোর,1
ক্ষুদ্র,3
ঘ্রাণ,1
প্রাত,1
ক্তিব,1
র্ধনী,1
ষ্ঠান,6
স্থাপ,3
ন্তরি,3
র্নাম,1
ণ্ডাম,1
ক্তার,1
র্টিফ,1
ম্পিউ,1
ন্দিত,1
র্ৎ,1
ম্লান,2
ক্কেল,1
ঘ্রাত,1
ন্দুধ,1
ণ্নবত,1
স্ত্রীক,3
ক্ষত্রে,1
ত্রের,1
ত্রিশ,2
স্বাস্থ্য,2
ত্বপূ,1
ক্যমত,1
ন্যাস,1
ণ্ঠের,1
জ্ঞাত,2
ম্বিত,2
র্বদি,1
ক্লান্ত,3
ক্সার,1
ন্দিদ,2
ঙ্গেই,1
র্ঘটন,1
ঙ্কায়,1
প্রশ্রয়,2
শ্রয়ে,3
স্বাধ,1
শ্চিত,2
ষ্টিক,3
র্তার,1
ন্তিত,2
ল্লাহ,2
ক্যাড,1
ব্বুক,1
স্টের,1
ন্যান,1
দ্রাত,1
ক্তবি,1
ন্দুর,2
ব্লাড,1
প্রেশ,1
অ্য,3
চ্ছেন,1
ক্তদে,1
ন্যরা,1
ম্পর্কে,1
স্যাঁ,2
ষ্টিও,1
প্রান্ত,4
ন্তরে,3
ল্গুন,1
ক্ষিপ্ত,1
ম্পরা,1
ণ্টাখ,1
ষ্টিপ,1
র্বের,2
ন্যকে,1
র্মীদ,1
ন্নয়ন,2
ব্যয়ে,1
প্রকা,5
স্বভা,2
শ্ববা,2
ন্দাত,1
ক্সিড,1
ক্তাগ,1
ণ্ডাও,1
প্রশ্নো,1
শ্নোত্ত,1
ক্ষাগ,1
দ্নিষ,1
ন্ধুক,1
প্রস্তা,2
স্তাব,2
ন্দিন,1
ম্যান,2
প্রোট,2
র্থের,2
ন্ত্রণা,2
ঞ্চলে,2
ন্ধকা,1
র্গিস,1
ম্ফান,1
প্রত্যে,3
ত্যেক,3
ঙ্গের,3
ক্ষতি,2
র্ণিঝ,1
চ্ছ্বাস,2
প্লাব,1
স্যকর,1
স্বার্থ,2
র্মাণ,2
র্থেই,1
প্রকল্প,2
ল্পের,2
স্তাও,1
ন্যায্য,1
স্থভা,1
র্ঘস্থা,1
জ্বলজ্ব,1
ঞ্জাব,2
দ্বিত,1
ক্ষাৎ,2
ম্বার,1
স্বরে,2
র্টের,2
র্ডার,2
দ্রতা,1
শ্রমে,1
চ্ছিস,1
স্বয়ং,1
জ্যাম,1
ঙ্গাস,1
র্সোন,1
ক্রেট,1
স্তম্ভি,1
ম্ভিত,1
স্পেশ,1
স্তাঘ,1
ক্যান্স,1
ন্সেল,1
স্টুড,1
ন্টদে,1
ব্যাথ,2
ল্লিশ,2
স্বর্গী,1
র্গীয়,2
র্তের,1
ক্তিশ,1
দ্মাক,1
র্ণতা,1
র্বতী,1
ক্ষের,2
র্পণে,1
স্নান,1
র্বপু,1
ত্মার,1
ন্তির,1
স্বীক,3
ক্ষেত্র,2
ঞ্চিত,2
ন্ত্রিক,1
র্থকে,1
ন্দ্রিক,1
স্টার্স,1
ক্সেশ,1
ন্তেই,1
দ্রুপ,1
স্টোর,1
স্কেল,1
র্গার,1
ব্বিশ,1
দ্ধভা,1
দ্দীন,1
প্রমূ,1
স্টাগ্র,1
দ্বিধ,2
ক্ষপা,1
ন্ধুদ,1
প্রোফ,1
ক্তিত্ব,1
স্টুপ,1
শ্বকা,2
ফ্ল্যাট,1
ু্য,1
ঙ্কিত,2
র্নেড,1
র্যোগ,2
খ্যাত,1
ত্রিক,2
ক্ষভা,1
র্দশা,3
প্রসা,2
দ্যোগ,1
র্বাস,1
ল্পেই,1
প্রবল,1
ক্ষুধ,1
ব্দটি,2
প্যার,1
দ্রেই,1
ত্তরে,1
স্তবত,1
ষ্পেষ,1
ন্ধের,1
জ্যাক,2
ক্রয়ক্ষ,1
ক্ষমত,1
চ্চাদ,1
ব্বির,1
চ্চাট,2
র্বাভ,1
ন্যদি,1
ক্ষতা,1
ব্রতা,1
প্রচণ্ড,2
ণ্ডতা,1
ম্বলগ,1
ক্ষণে,1
র্শমত,1
দ্রকে,1
ত্যুর,1
দ্ধার,3
র্ধনা,1
গ্রীম,1
ন্যবা,1
র্মীয়,1
ত্রাঙ্ক,1
ত্রুট,1
র্বোচ্চ,1
শ্ববি,1
দ্যাল,1
স্নাত,1
ক্রবা,1
ম্যাজ,1
স্ট্রেট,1
চ্ছার,1
ব্যতী,1
ন্ধুত্ব,1
ঙ্খলা,1
চ্চশি,1
র্বপা,1
শ্চিম,1
ম্মতি,1
র্যাদ,1
ব্যাং,1
ত্রীর,2
স্যজন,1
ধ্বনি,2
ক্রিক,2
ন্ডাম,2
ঞ্জিন,1
ম্পান,1
র্মেস,1
ক্রেত,3
স্বল্পত,1
ল্পতা,1
র্তমা,1
র্ভিক্ষ,1
ফ্যাক,1
ষ্টাত,1
দ্ভুৎ,1
স্বাভ,1
ল্পনা,1
স্ত্রীর,1
ক্তাক্ত,1
স্থিচ,1
র্মসা,1
ম্বিগ,1
র্গেট,1
ম্বিৎ,1
দ্ধির,1
ন্তের,2
গ্রহে,2
ত্যাগ,1
শ্রেণ,2
শ্রমি,2
প্রশং,2
ঞ্চমু,1
ক্ষাট,1
র্টাল,1
স্যাগ,1
ব্যাট,1
ব্যাক্ত,1
গ্যের,1
স্বস্তি,2
স্তির,1
জ্বাল,2
ম্যান্স,2
ন্সের,1
র্ধার,1
ন্যূন,1
ম্পতি,1
ক্সপ্রে,1
প্রেস,1
ব্র্যান্ড,1
ঞ্চকর,1
ল্পগু,2
হ্যাল,1
র্টার,1
প্রত্যক্ষ,1
ত্যক্ষদ,1
ক্ষদর্শ,1
র্শীস,1
ত্রিত,1
ব্যাক,3
স্তিত,1
ক্লাব,2
র্তনে,1
শ্চয়ই,1
প্রাপ,1
ন্যভা,1
দ্ভুত,1
ব্যাগ,1
ক্ষমা,1
গ্লান,2
শ্লীল,1
ট্রাফ,1
স্টবি,1
ড্রাম,1
স্লোগ,1
স্ট্রাই,1
ক্তিয,1
জ্ঞাপ,1
স্প্রিং,1
স্প্রেড,1
ত্যগু,1
ক্সায়,1
ত্রায়,1
চ্ছাম,1
ন্দরভ,1
জ্বলে,1
চ্ছন্নত,1
ন্নতা,1
খ্যেত,1
ন্ন্যাস,1
গ্নাং,1
ত্রীদ,1
ক্রিয়,2
ন্ধান,1
স্মৃত,4
ণ্যগু,1
হ্বান,1
ন্ট্রোল,1
ষ্ক্রিয়,1
ক্সপা,1
ক্রাক,1
ণ্ডগো,1
ট্টগো,1
দ্বান,2
ল্লেখ,1
ক্যগঠ,1
ক্ষ্মভা,1
ব্যস্তত,1
স্ততা,1
ল্যবা,1
র্বলক,1
ঞ্চনা,1
দ্ব্যবহ,1
জ্রপা,1
র্নিশ,1
র্ষাত,1
হ্লাদ,2
ণ্ঠনট,1
ল্লাস,1
ক্ষরট,1
প্রলম্ব,1
ম্নমু,1
র্ধ্বমু,1
থ্যাত,1
গ্ধতা,1
দ্ভূত,1
গ্মিত,1
ক্পটু,1
গ্যাঁ,1
ত্মগ্লা,1
ঘ্নতা,1
স্তুক,1
স্ত্রমত,1
স্বরূ,1
দ্যমা,1
ত্যের,1
জ্জীব,1
ঞ্চার,1
ট্রেক,1
প্রজ্জ্বল,1
জ্জ্বলি,1
ধ্যপদ,1
র্মধা,1
ত্নগর্ভ,1
স্বপ্না,1
প্নাদ,1
প্রভা,1
চ্ছন্নে,1
প্যায়,1
জ্জ্বলত,2
ল্টান,1
ভ্রাত,1
ত্বকে,1
শ্লেষ,1
ষ্ণকর্ম,1
ষ্কলঙ্ক,1
ক্তিক,2
স্পরব,1
স্মিত,1
প্রসন্ন,1
ভ্যার,1
ন্টের,1
প্রকো,1
স্বর্গর,1
র্গরা,1
ন্দ্রের,1
স্ত্রের,2
ষ্যার,1
ক্ষোভ,1
ন্দুস,1
স্কার,1
র্যাপ্ত,1
ভ্যাক,1
র্ডের,1
দ্ভাব,1
স্ট্যাম্প,1
ব্যের,1
ব্রান্ড,1
ভ্রমণ,1
ট্রনে,1
ন্বয়ে,1
ক্ষ্মতম,1
ক্বতা,1
খ্রিস্ট,1
স্টান,1
ম্প্রদা,2
ন্ডিত,1
গ্ন্যুদ্গ,2
দ্গার,2
গ্নেয়,2
গ্বেদ,1
ন্দুদ,1
র্মগ্রন্থ,1
ঘ্যাচ,1
ঙ্ক্তেয়,1
ব্যঙ্গ্যো,1
ঙ্গ্যোক্ত,1
ঙ্ঘনী,1
চ্ছ্রিত,1
স্ফীত,1
দ্ধিপ্র,1
প্রাপ্ত,1
চ্যুত,1
জ্ঝটি,1
ন্ততঃ,1
ঞ্ছনী,1
ত্ত্বিক,1
ড্যাব,2
ঢ্যাঁ,1
ন্ত্রনে,1
ণ্ঠ্যমা,1
ন্তঃপ,1
ণ্ঢনে,1
স্বর্ণন,1
র্ণনি,1
ত্থান,1
ত্র্যহস্প,1
থ্বীর,1
গ্লাস,1
র্কলি,1
দ্ঘাট,1
দ্দ্বার,1
দ্ভ্রান্ত,1
র্থগৃ,1
গ্রাস,1
ধ্মান,1
ধ্রুব,1
ন্ড্রেড,1
গ্রসর,1
ন্থ্রাক্স,1
স্বাত,1
দ্বন্দ্বে,1
ন্দ্বের,1
প্র্যাক,1
ফ্লেভ,1
ম্ব্রেন,1
স্তিষ্ক,1
ষ্কের,1
র্কের,1
দ্বার,2
র্ত্যের,1
র্ব্যক্তি,1
র্ছনা,1
ষ্কার,1
র্মীক,1
স্কার্ফ,1
ন্তর্দ্বা,1
র্দ্বার,1
র্দ্রতা,1
ক্ষিন,1
র্শ্বিক,1
ট্যধ্বন,1
ন্তর্হি,1
র্হিত,1
শ্মীর,1
প্রগল্ভ,2
ল্ভতা,1
গ্রীষ্ম,2
ষ্মকা,1
শ্মশা,1
ষ্মাণ্ড,1
ষ্প্রয়ো,1
ক্ষায়,1
প্লীহ,1
স্প্লিন,1
স্ফাল,1
হ্ণের,1
ব্রাহ্ম,1
হ্রদে,1
গ্বিজ,1
ঙ্ক্ষণী,1
শ্বকো,1
স্কাম,1
ট্যাক্স,1
ত্রীব,1
ণ্মাস,1
শ্রাদ্ধ,1
শ্ছেদ,1
ম্লপি,1
ত্তের,1
ত্রটি,1
ল্যতা,1
র্তৃক,1
ত্তমর্ণ,1
র্ণের,1
ম্বন্ধী,1
ন্ধীয়,1
ব্দীর,1
ত্মতা,1
ন্তিক,1
ক্রবর্ত,1
ক্যমত্য,1
চ্ছিক,1
ম্বন্ধে,1
ন্তঃস্থ,1
স্থলক,1
স্বতঃ,1
স্ফূর্ত,1
ত্মদা,1
র্শের,1
ঙ্গকে,1
ষ্যের,1
ঙ্গলে,1
প্রচ্ছন্ন,1
ল্যকা,1
শ্যতা,1
ন্দার,1
ষ্টমত,1
ষ্টমব,1
শ্বচ্যম্প,1
চ্যম্পি,1
ম্পিয়,1
ক্রান্ত,1
শ্বরচ,1
দ্যাস,1
ন্দ্রনা,1
ঙ্গীর,1
প্রাস,1
ষ্ঠার,1
ক্ষয়ে,1
ম্ভাব,1
র্বাঙ্গ,1
ন্দোল,1
ন্মিয়,1
ন্ত্রণে,1
প্রোত,1
ক্ক্রিয়,1
ক্ষণি,1
ন্মগৃ,1
ব্যগত,1
প্রবণ,1
ক্মিণ,1
ক্ষ্বাক,1
ক্ষ্মতা,1
ঞ্ঝনা,1
ন্যুব্জ,1
র্জ্ঞেয়,1
জ্ঞবল্ক্য,1
ল্বিষ,1
ষ্বসা,1
স্ফোট,1
ঙ্মুখ,1
র্মণ্বত,1
ণ্বতী,1
িৎক,2
্ৎস,1
তৎপ,1
সৎস,1
মৎক,1
াৎক,2
ভৎস,2
উৎপ,2
উৎস,2
উৎক,1
উৎখ,1
াৎল,1
ঔৎক,1
ঔৎস,1
াড়ি,14
পড়ে,6
ঁড়ি,5
ুড়ি,8
েড়ে,4
াড়া,17
পড়ল,4
পড়া,8
ঝড়ে,4
পড়ত,4
াড়ে,12
চড়ে,1
লড়া,2
াড়ু,1
ছড়ি,3
মড়ে,1
পড়ি,1
ছড়া,2
ঘড়ি,4
ুড়ে,3
বড়ে,1
ৌড়ে,1
জড়ি,1
পড়ু,1
আড়ম,1
োড়া,3
েড়ি,1
উড়ত,1
কড়ে,1
েড়া,4
ঁড়া,6
পড়ছ,3
ংড়ি,1
চড়া,2
ওড়া,3
োড়গ,1
গড়া,1
নড়ে,2
াড়ব,1
জড়া,1
ৌড়া,1
ুড়ো,2
াড়ণ,1
উড়ে,1
াড়ত,4
দড়ি,1
াড়ল,1
কড়া,1
মড়া,2
োড়ব,1
ূড়া,1
তড়ি,1
েড়ো,1
বড়ো,1
গড়ে,1
লড়ে,1
ুড়ু,1
এড়া,1
উড়ি,1
াড়ছ,1
ঁড়শ,1
হয়ে,7
িয়ে,69
ওয়া,26
কয়ে,5
হয়ত,1
েয়ে,20
ইয়া,2
ায়ি,5
রয়ে,3
হয়ন,1
েয়া,8
ায়গ,2
োয়া,8
ায়ে,8
ভয়ে,1
ুয়ে,3
লয়া,3
উয়ে,2
িয়া,10
ষয়ে,1
ায়া,3
ায়ী,5
ায়ই,1
ময়ে,3
বয়ে,2
ময়ও,1
িয়ম,3
ুয়া,3
ায়ন,4
ভয়া,2
বয়স,4
পয়ে,1
ইয়ে,6
নয়ত,2
আয়ো,1
কয়ট,1
ভয়ও,1
ষয়ট,1
ভয়ং,1
কয়দ,2
ভয়ঙ্ক,1
েয়ি,1
ময়ম,1
আয়ে,1
নয়ট,1
ময়ন,1
ায়ক,3
ঁয়ে,2
ঁয়ত্র,1
ষয়ই,1
বয়া,1
ায়ু,2
িয়ত,1
লয়ে,1
ৌয়ে,1
ঁয়া,2
ায়ও,1
ময়ট,2
ংয়ে,2
বয়ব,1
হয়ো,1
ায়ভ,1
বয়ল,1
শয়ন,1
িয়ন্ত্র,2
িয়ো,1
ছয়ট,1
আয়ন,1
িয়ন,1
ায়ো,1
