না,na,251
করে,ko.re,127
আমার,a.mar,123
তার,t̪ar,122
এই,ei̯,106
সে,ʃe,91
আমি,a.mi,84
আর,ar,77
থেকে,t̪ʰe.ke,72
কী,ki,67
হয়,hɔʲ,65
হয়ে,ho.ʲe,59
তো,t̪o,59
জন্য,ɟon.no,56
একটা,æk.ta,55
কোনো,ko.no,55
নিয়ে,ni.ʲe,54
কথা,kɔ.t̪ʰa,50
তাদের,t̪a.d̪er,47
দিয়ে,d̪i.ʲe,46
ও,o,45
যে,ɟe,43
হলো,ho.lo,43
করুন,ko.run,43
তাকে,t̪a.ke,40
বড়,bɔ.ɽo,39
হবে,hɔ.be,39
গেল,gæ.lo,37
এখন,æ.kʰon,37
তিনি,t̪i.ni,37
নেই,nei̯,36
সাথে,ʃa.t̪ʰe,36
কিন্তু,kin.t̪u,35
করতে,kor.t̪e,34
অনেক,ɔ.nek,34
যায়,ɟaʲ,33
আজ,aɟ,32
আছে,a.cʰe,32
তারা,t̪a.ra,32
কিছু,ki.cʰu,32
আমাকে,a.ma.ke,30
বলে,bo.le,30
খুব,kʰub,29
ছিল,cʰi.lo,29
মনে,mo.ne,29
গিয়ে,gi.ʲe,28
যেন,ɟe.no,28
পর,pɔr,27
এমন,æ.mon,27
তুমি,t̪u.mi,27
আমাদের,a.ma.d̪er,27
মতো,mɔ.t̪o,27
সব,ʃɔb,26
এত,æ.t̪o,26
এক,æk,25
দুই,d̪ui̯,25
আবার,a.bar,24
দিন,d̪in,24
কাছে,ka.cʰe,23
তখন,t̪ɔ.kʰon,23
শুরু,ʃu.ru,23
ছোট,cʰo.to,23
বা,ba,23
থাকে,t̪ʰa.ke,22
চলে,cɔ.le,22
কি,ki,22
তোমার,t̪o.mar,22
মধ্যে,mod̪.d̪ʰe,22
হয়েছে,he.ʲe.cʰe,22
বসে,bɔ.ʃe,22
বাড়ি,ba.ɽi,22
এসে,e.ʃe,21
এসব,e.ʃɔb,21
সময়,ʃo.mɔʲ,21
কাজ,kaɟ,21
ভালো,bʰa.lo,21
নয়,nɔʲ,21
বের,ber,21
বাড়ির,ba.ɽir,21
পারে,pa.re,20
পড়ে,pɔ.ɽe,20
বাবা,ba.ba,20
বলতে,bol.t̪e,20
মানুষ,ma.nuʃ,20
আপনার,ap.nar,20
বাইরে,bai̯.re,20
গেছে,gæ.cʰe,19
তাই,t̪ai̯,19
করা,kɔ.ra,19
শেষ,ʃeʃ,19
যদি,ɟo.d̪i,19
তা,t̪a,18
উপর,u.por,18
শুধু,ʃu.d̪ʰu,18
বাবার,ba.bar,18
এর,er,18
যাওয়ার,ɟao̯.ʷar,18
আগে,a.ge,17
দেখি,d̪e.kʰi,17
এবং,e.boŋ,17
নাকি,na.ki,17
সেই,ʃei̯,17
হতে,ho.t̪e,17
যা,ɟa,17
গাড়ি,ga.ɽi,17
অন্য,on.no,16
দিতে,d̪i.t̪e,16
ওকে,o.ke,16
ভয়,bʰɔʲ,16
ধরে,d̪ʰɔ.re,16
কেউ,keu̯,16
দেখে,d̪e.kʰe,15
উঠে,u.tʰe,15
করলাম,kor.lam,15
নিজের,ni.ɟer,15
বাসায়,ba.ʃaʲ,15
হাজার,ha.ɟar,15
এ,e,15
ঘুম,gʰum,14
যাবে,ɟa.be,14
হঠাৎ,hɔ.tʰat̪,14
সারাদিন,ʃa.ra.d̪in,14
মা,ma,14
করার,kɔ.rar,14
পাশের,pa.ʃer,14
বেশ,beʃ,14
বউ,bou̯,14
তোমরা,t̪om.ra,14
যেতে,ɟe.t̪e,13
যখন,ɟɔ.kʰon,13
আরও,a.ro,13
একটু,ek.tu,13
থাকবে,t̪ʰak.be,13
কয়েক,kɔʲ.ek,13
এবার,e.bar,13
দেখতে,d̪ekʰ.t̪e,12
ভাবতে,bʰab.t̪e,12
শুনে,ʃu.ne,12
করবেন,kor.ben,12
দেওয়া,d̪eo̯.ʷa,12
তাহলে,t̪a.ho.le,12
আপনি,ap.ni,12
মনের,mo.ner,12
কত,kɔ.t̪o,12
আজকে,aɟ.ke,12
বিভিন্ন,bi.bʰin.no,12
বলল,bol.lo,11
নিতে,ni.t̪e,11
ওর,or,11
কোথাও,ko.t̪ʰa.o,11
ঘরে,gʰɔ.re,11
দিকে,d̪i.ke,11
পাওয়া,pao̯.ʷa,11
সবাই,ʃɔ.bai̯,11
থাকতে,t̪ʰak.t̪e,11
করল,kor.lo,11
নতুন,no.t̪un,11
মাথা,ma.t̪ʰa,10
যাচ্ছে,ɟac.cʰe,10
উঠল,utʰ.lo,10
সুন্দর,ʃun.d̪ɔr,10
হাত,hat̪,10
মাঝে,ma.ɟʰe,10
খারাপ,kʰa.rap,10
পরে,pɔ.re,10
বেরিয়ে,be.ri.ʲe,10
ভিতর,bʰi.t̪ɔr,10
হাতে,ha.t̪e,10
তিন,t̪in,10
ফোন,pʰon,10
দাঁড়িয়ে,d̪ã.ɽi.ʲe,10
কেন,ken,10
বৃষ্টি,briʃ.ti,10
মুখে,mu.kʰe,10
সবসময়,ʃɔb.ʃo.mɔʲ,10
আপনাদের,ap.na.d̪er,10
মাছ,macʰ,10
দিল,d̪i.lo,10
একটি,ek.ti,10
এরপর,er.pɔr,10
একাই,æ.kai̯,10
নারিকেল,na.ri.kel,10
গাছ,gacʰ,10
দেখল,d̪ekʰ.lo,10
শাশুড়ির,ʃa.ʃu.ɽir,10
অর্থ,ɔrt̪.t̪ʰo,10
শব্দের,ʃɔb.d̪er,10
মেনে,me.ne,9
পুরো,pu.ro,9
তাকিয়ে,t̪a.ki.ʲe,9
আসতে,aʃ.t̪e,9
পাঁচ,pãc,9
ফিরে,pʰi.re,9
বললেন,bol.len,9
ভেবে,bʰe.be,9
তবে,t̪ɔ.be,9
একজন,æk.ɟon,9
বলেন,bɔ.len,9
কীভাবে,ki.bʰa.be,9
মানুষের,ma.nu.ʃer,9
দেশের,d̪e.ʃer,9
পর্যন্ত,pɔr.ɟon.t̪o,9
গেলে,ge.le,9
সামনে,ʃam.ne,9
করব,kor.bo,9
পরের,pɔ.rer,9
ভেঙে,bʰe.ŋe,9
চাচা,ca.ca,9
সকালে,ʃɔ.ka.le,9
করেছে,ko.re.cʰe,9
মানে,ma.ne,9
দেখলাম,d̪ekʰ.lam,9
হারিয়ে,ha.ri.ʲe,9
হচ্ছে,hoc.cʰe,9
বিয়ের,bi.ʲer,9
করো,kɔ.ro,9
চোখ,cokʰ,9
হোন,hon,9
বোঝায়,bo.ɟʰaʲ,9
চা,ca,8
তুই,t̪ui̯,8
মাথায়,ma.t̪ʰaʲ,8
পাশে,pa.ʃe,8
হয়তো,hɔʲ.t̪o,8
মাত্র,mat̪.t̪ro,8
সাত,ʃat̪,8
হওয়ার,hɔo̯.ʷar,8
চেষ্টা,ceʃ.ta,8
মিষ্টি,miʃ.ti,8
জানান,ɟa.nan,8
এরা,e.ra,8
কখনো,kɔ.kʰo.no,8
সাধারণ,ʃa.d̪ʰa.rɔn,8
বাড়িতে,ba.ɽi.t̪e,8
ঠিক,tʰik,8
করবে,kor.be,8
কেবল,ke.bol,8
অবস্থা,ɔ.bos.t̪ʰa,8
মুখ,mukʰ,8
গেলাম,ge.lam,8
কারণ,ka.ron,8
দেশে,d̪e.ʃe,8
পেয়ে,pe.ʲe,8
এগুলো,e.gu.lo,8
সমুদ্রের,ʃo.mud̪.d̪rer,8
বাজারে,ba.ɟa.re,8
দেখান,d̪æ.kʰan,8
ভাইয়া,bʰai̯.ʲa,7
মেলে,me.le,7
ছেড়ে,cʰe.ɽe,7
মন,mon,7
মাস,maʃ,7
থেকেই,t̪ʰe.ke.i,7
বুঝলাম,buɟʰ.lam,7
সবচেয়ে,ʃɔb.ce.ʲe,7
তৈরি,t̪oi̯.ri,7
ভরে,bʰo.re,7
বলা,bɔ.la,7
প্রতিদিন,pro.t̪i.d̪in,7
বারো,ba.ro,7
চেয়ে,ce.ʲe,7
খেয়ে,kʰe.ʲe,7
করেন,kɔ.ren,7
যত,ɟɔ.t̪o,7
সেটা,ʃe.ta,7
অবশ্য,ɔ.boʃ.ʃo,7
জানে,ɟa.ne,7
এটা,e.ta,7
দেখা,d̪æ.kʰa,7
সম্ভব,ʃɔm.bʰɔb,7
তুলে,t̪u.le,7
কিছুই,ki.cʰui̯,7
গত,gɔ.t̪o,7
ছেলে,cʰe.le,7
ফেরার,pʰe.rar,7
জীবনের,ɟi.bɔ.ner,7
উঠতে,utʰ.t̪e,7
বাস,baʃ,7
ট্রেন,tren,7
বন্ধ,bɔn.d̪ʰo,7
শব্দ,ʃɔb.d̪o,7
জীবন,ɟi.bɔn,7
বলছি,bol.cʰi,7
দায়িত্ব,d̪aʲ.it̪.t̪o,7
প্রথম,pro.t̪ʰom,7
এখানে,e.kʰa.ne,7
সকাল,ʃɔ.kal,6
রূপ,rup,6
ছিলাম,cʰi.lam,6
রাগ,rag,6
করেই,ko.rei̯,6
রেজাল্ট,re.ɟalt,6
রাত,rat̪,6
কষ্ট,kɔʃ.to,6
দেওয়ার,d̪eo̯.ʷar,6
কারো,ka.ro,6
হচ্ছিল,hoc.cʰi.lo,6
সবাইকে,ʃɔ.bai̯.ke,6
রুম,rum,6
বেঁচে,bẽ.ce,6
জানি,ɟa.ni,6
করি,ko.ri,6
পায়,paʲ,6
প্রিয়,pri.ʲo,6
বাবাকে,ba.ba.ke,6
এখনো,æ.kʰo.no,6
মধ্যেই,mod̪.d̪ʰei̯,6
করতেই,kor.t̪ei̯,6
ভাবি,bʰa.bi,6
লাগে,la.ge,6
আপনারা,ap.na.ra,6
সাদা,ʃa.d̪a,6
করলেন,kor.len,6
শরীর,ʃo.rir,6
খেতে,kʰe.t̪e,6
হলাম,ho.lam,6
চলবে,col.be,6
করত,kɔ.ro.t̪o,6
পছন্দ,pɔ.cʰon.d̪o,6
জ্ঞান,gæ̃n,6
ত্রাণ,t̪ran,6
সাহায্য,ʃa.haɟ.ɟo,6
বছর,bɔ.cʰor,6
আসে,a.ʃe,6
দিয়েছে,d̪i.ʲe.cʰe,6
বাসা,ba.ʃa,6
লাগছে,lag.cʰe,6
যাবেন,ɟa.ben,6
বেশি,be.ʃi,6
তারপর,t̪ar.pɔr,6
হওয়া,hɔo̯.ʷa,6
রাতে,ra.t̪e,6
দাও,d̪ao̯,6
স্যার,sar,6
যান,ɟan,6
সমস্যা,ʃɔ.moʃ.ʃa,6
গাছের,ga.cʰer,6
গা,ga,6
বাংলা,baŋ.la,6
হতো,ho.t̪o,6
রয়েছে,ro.ʲe.cʰe,6
হয়নি,hɔʲ.ni,6
শাশুড়ি,ʃa.ʃu.ɽi,6
নাম,nam,6
বস,bɔs,6
লিখুন,li.kʰun,6
মনটা,mon.ta,5
চোখে,co.kʰe,5
খেয়াল,kʰe.ʲal,5
গুছিয়ে,gu.cʰi.ʲe,5
আসলে,a.ʃo.le,5
সারা,ʃa.ra,5
পারিনি,pa.ri.ni,5
কথায়,kɔ.t̪ʰaʲ,5
নিচে,ni.ce,5
ওঠে,o.tʰe,5
পেলাম,pe.lam,5
নিজেকে,ni.ɟe.ke,5
দরজা,d̪ɔr.ɟa,5
বিছানায়,bi.cʰa.naʲ,5
খোলা,kʰo.la,5
আকাশ,a.kaʃ,5
কখন,kɔ.kʰon,5
পানি,pa.ni,5
জায়গা,ɟaʲ.ga,5
তেমন,t̪æ.mon,5
মেয়ে,me.ʲe,5
সত্য,ʃot̪.t̪o,5
গান,gan,5
তাও,t̪a.o,5
দোয়া,d̪o.ʷa,5
সেগুলো,ʃe.gu.lo,5
পার,par,5
কেটে,ke.te,5
দিলাম,d̪i.lam,5
কেমন,kæ.mon,5
আছেন,a.cʰen,5
পান,pan,5
সবার,ʃɔ.bar,5
ওদের,o.d̪er,5
কে,ke,5
সাহস,ʃa.hoʃ,5
কম,kɔm,5
ইচ্ছা,ic.cʰa,5
মজার,mɔ.ɟar,5
পা,pa,5
দেন,d̪æn,5
নেয়,neʲ,5
পৌঁছাতে,põu̯.cʰa.t̪e,5
খালি,kʰa.li,5
সবই,ʃɔb.i,5
এতে,e.t̪e,5
নিউজ,niu̯ɟ,5
বাঁধ,bãd̪ʰ,5
বই,boi̯,5
নিজেদের,ni.ɟe.d̪er,5
খুবই,kʰub.i,5
ফেসবুকে,pʰes.bu.ke,5
টাকা,ta.ka,5
চাই,cai̯,5
নীল,nil,5
গাড়ির,ga.ɽir,5
আগেই,a.ge.i̯,5
দিলেন,d̪i.len,5
ছাড়া,cʰa.ɽa,5
ফোনটা,pʰon.ta,5
দ্রুত,d̪ru.t̪o,5
তোমাকে,t̪o.ma.ke,5
মিলে,mi.le,5
আগামীকাল,a.ga.mi.kal,5
ক্লাসে,kla.se,5
প্রশ্ন,proʃ.no,5
পড়ল,poɽ.lo,5
নৌকা,nou̯.ka,5
দূর,d̪ur,5
তর্ক,t̪ɔr.ko,5
ফেসবুক,pʰes.buk,5
জানতে,ɟan.t̪e,5
হয়েছিল,ho.ʲe.cʰi.lo,5
মায়ের,ma.ʲer,5
রেখে,re.kʰe,5
দেখার,d̪æ.kʰar,5
জন,ɟɔn,5
ছেলেটা,cʰe.le.ta,5
বিয়ে,bi.ʲe,5
লেখাপড়া,le.kʰa.pɔ.ɽa,5
গ্রামে,gra.me,5
শহর,ʃɔ.hor,5
হলে,ho.le,5
যাও,ɟao̯,5
কর,kɔr,5
চাকরি,cak.ri,5
ভুল,bʰul,5
বাজাও,ba.ɟao̯,5
জলদি,ɟol.d̪i,5
কাপ,kap,4
ছাদে,cʰa.d̪e,4
বসলাম,boʃ.lam,4
সূর্য,ʃur.ɟo,4
শান্ত,ʃan.t̪o,4
পৃথিবীর,pri.t̪ʰi.bir,4
সৌন্দর্য,ʃou̯n.d̪ɔr.ɟo,4
আমিই,a.mi.i,4
চায়,caʲ,4
পারতাম,par.t̪am,4
একদিন,æk.d̪in,4
খাবার,kʰa.bar,4
ভুলে,bʰu.le,4
কিছুক্ষণ,ki.cʰuk.kʰon,4
সহ্য,ʃoɟ.ɟʰo,4
ভয়ে,bʰɔ.ʲe,4
ঘুমিয়ে,gʰu.mi.ʲe,4
পারবে,par.be,4
শুয়ে,ʃu.ʲe,4
ঝড়ের,ɟʰɔ.ɽer,4
বেগে,be.ge,4
বুঝে,bu.ɟʰe,4
বাকি,ba.ki,4
কথাগুলো,kɔ.t̪ʰa.gu.lo,4
যেমন,ɟæ.mon,4
ঘর,gʰɔr,4
শুনতে,ʃun.t̪e,4
মিনিট,mi.nit,4
এভাবে,e.bʰa.be,4
ওই,oi̯,4
খুলে,kʰu.le,4
দেখাই,d̪æ.kʰai̯,4
নামে,na.me,4
কোথায়,ko.t̪ʰaʲ,4
দেয়,d̪eʲ,4
সমস্ত,ʃɔ.mos.t̪o,4
ভাবতেই,bʰab.t̪ei̯,4
ভালোভাবে,bʰa.lo.bʰa.be,4
বৃষ্টিতে,briʃ.ti.t̪e,4
বোনকে,bon.ke,4
খেলা,kʰæ.la,4
রাস্তার,ras.t̪ar,4
ডেকে,de.ke,4
কোটি,ko.ti,4
যাব,ɟa.bo,4
হাসি,ha.ʃi,4
মেয়েরা,me.ʲe.ra,4
এখনই,æ.kʰon.i,4
চল,cɔl,4
বাঁধের,bã.d̪ʰer,4
কলা,kɔ.la,4
সেখানে,ʃe.kʰa.ne,4
পালন,pa.lon,4
দেরি,d̪e.ri,4
চলছে,col.cʰe,4
আলো,a.lo,4
হাঁটতে,hãt.t̪e,4
নিবেন,ni.ben,4
তে,t̪e,4
পনেরো,po.ne.ro,4
ইত্যাদি,it̪.t̪a.d̪i,4
ঘরের,gʰɔr.er,4
এদের,e.d̪er,4
দাবী,d̪a.bi,4
চোখের,co.kʰer,4
থাকা,t̪ʰa.ka,4
পাশেই,pa.ʃei̯,4
বাজার,ba.ɟar,4
ওপাশ,o.paʃ,4
থাকলে,t̪ʰak.le,4
বলার,bɔ.lar,4
সুযোগ,ʃu.ɟog,4
হোক,hok,4
বলেই,bo.lei̯,4
আমরা,am.ra,4
জিজ্ঞেস,ɟig.gẽʃ,4
রাখার,ra.kʰar,4
স্টেশন,ste.ʃɔn,4
স্টেশনমাস্টার,ste.ʃɔn.mas.tar,4
পড়তে,poɽ.t̪e,4
পদক্ষেপ,pɔ.d̪ok.kʰep,4
প্রাণ,pran,4
পরামর্শ,pɔ.ra.mɔr.ʃo,4
পরীক্ষা,po.rik.kʰa,4
ভিন্ন,bʰin.no,4
পদ্মার,pɔd̪.dãr,4
পাড়ে,pa.ɽe,4
বার,bar,4
পিছনে,pi.cʰɔ.ne,4
সিটে,si.te,4
লাগানো,la.ga.no,4
দূরে,d̪u.re,4
লাল,lal,4
মহালয়া,mɔ.ha.lɔ.a,4
রান্না,ran.na,4
পাশ,paʃ,4
খেলে,kʰe.le,4
বাদ,bad̪,4
যারা,ɟa.ra,4
থাক,t̪ʰak,4
মানুষকে,ma.nuʃ.ke,4
যদিও,ɟo.d̪i.o,4
খাতায়,kʰa.t̪aʲ,4
যাক,ɟak,4
করেছিল,ko.re.cʰi.lo,4
চার,car,4
জেলেদের,ɟe.le.d̪er,4
ব্যবহার,bæ.bo.har,4
ভেসে,bʰe.ʃe,4
বজায়,bɔ.ɟaʲ,4
ডাকতে,dak.t̪e,4
পড়া,pɔ.ɽa,4
নিরাপদ,ni.ra.pɔd̪,4
দেখুন,d̪e.kʰun,4
বউয়ের,bou̯.er,4
রাগী,ra.gi,4
আম্মা,am.ma,4
পৌঁছে,põu̯.cʰe,4
বৌমা,bou̯.ma,4
বউকে,bou̯.ke,4
ক্ষেত,kʰet̪,4
চারা,ca.ra,4
লাগাবে,la.ga.be,4
করোনা,ko.ro.na,4
দৃষ্টি,d̪riʃ.ti,4
আলাদা,a.la.d̪a,4
কাল,kal,4
টিম,tim,4
প্রাচীন,pra.cin,4
টান,tan,4
অবিশ্বাস্য,ɔ.biʃ.ʃaʃ.ʃo,4
নেওয়া,neo̯.ʷa,4
তাঁদের,t̪ã.d̪er,4
খোঁজ,kʰõɟ,4
থাকুন,t̪ʰa.kun,4
তোমাদের,t̪o.ma.d̪er,4
ডাকুন,da.kun,4
মাঠে,ma.tʰe,4
ফেলে,pʰe.le,4
রোগীকে,ro.gi.ke,4
সহমর্মিতা,ʃɔ.ho.mor.mi.t̪a,4
কিনুন,ki.nun,4
নাই,nai̯,4
নিষ্পাপ,niʃ.pap,3
রঙের,rɔ.ŋer,3
পৃথিবী,pri.t̪ʰi.bi,3
জানাতে,ɟa.na.t̪e,3
ঘোর,gʰor,3
ঠান্ডা,tʰan.da,3
ফিরল,pʰir.lo,3
রে,re,3
কোন,kon,3
পরিশ্রম,po.ris.srom,3
করলে,kor.le,3
সান্ত্বনা,ʃan.t̪o.na,3
নেমে,ne.me,3
পাখি,pa.kʰi,3
পারি,pa.ri,3
গিয়েছিলাম,gi.ʲe.cʰi.lam,3
কান্না,kan.na,3
পারছিলাম,par.cʰi.lam,3
রইলাম,roi̯.lam,3
বারবার,bar.bar,3
শূন্য,ʃun.no,3
খুশি,kʰu.ʃi,3
জীবনে,ɟi.bɔ.ne,3
এসেছে,e.ʃe.cʰe,3
অনুভব,o.nu.bʰɔb,3
ঘুরে,gʰu.re,3
থাকার,t̪ʰa.kar,3
অনুপ্রেরণা,o.nup.pe.ro.na,3
গর্ব,gɔr.bo,3
একসাথে,æk.ʃa.t̪ʰe,3
নাস্তা,nas.t̪a,3
করেছেন,ko.re.cʰen,3
কথাটা,kɔ.t̪ʰa.ta,3
কতটা,kɔ.t̪o.ta,3
দশ,d̪ɔʃ,3
কেজি,ke.ɟi,3
উচিত,u.cit̪,3
ঘণ্টা,gʰɔn.ta,3
আম্মু,am.mu,3
পাই,pai̯,3
বিশ্বাস,biʃ.ʃaʃ,3
অসম্ভব,ɔ.ʃɔm.bʰɔb,3
পেতে,pe.t̪e,3
যাইহোক,ɟai̯.hok,3
জানিয়ে,ɟa.ni.ʲe,3
সম্ভবত,ʃɔm.bʰɔ.bɔ.t̪o,3
চলাচল,cɔ.la.cɔl,3
যাচ্ছিল,ɟac.cʰi.lo,3
শুকিয়ে,ʃu.ki.ʲe,3
নে,ne,3
অপেক্ষা,ɔ.pek.kʰa,3
আওয়াজ,ao̯.aɟ,3
প্রশ্নের,proʃ.ner,3
এতকিছু,æ.t̪o.ki.cʰu,3
থাকেন,t̪ʰa.ken,3
বিশ্রাম,bis.ram,3
নেন,næn,3
বলবেন,bol.ben,3
হলেন,ho.len,3
গল্প,gɔl.po,3
খবর,kʰɔ.bor,3
ব্যস্ত,bæs.t̪o,3
টানা,ta.na,3
পানিতে,pa.ni.t̪e,3
করছে,kor.cʰe,3
করছিল,kor.cʰi.lo,3
নির্দেশ,nir.d̪eʃ,3
বোনের,bo.ner,3
রাস্তায়,ras.t̪aʲ,3
ভিজে,bʰi.ɟe,3
যেই,ɟei̯,3
উফ,upʰ,3
ব্যথা,bæ.t̪ʰa,3
নেতা,ne.t̪a,3
পৌঁছায়,põu̯.cʰaʲ,3
আরেকটু,a.rek.tu,3
জানায়,ɟa.naʲ,3
নিল,ni.lo,3
ছিলেন,cʰi.len,3
নিচু,ni.cu,3
পড়লাম,poɽ.lam,3
বরং,bɔ.roŋ,3
ধারণা,d̪ʰa.ro.na,3
গরম,gɔ.rom,3
বংশের,bɔŋ.ʃer,3
ঘুরতে,gʰur.t̪e,3
পারল,par.lo,3
অনুরোধ,o.nu.rod̪ʰ,3
শুনবেন,ʃun.ben,3
বলেছিলেন,bo.le.cʰi.len,3
আসন,a.ʃon,3
বোধহয়,bod̪ʰ.hɔʲ,3
আছি,a.cʰi,3
চারিদিকে,ca.ri.d̪i.ke,3
এলাকায়,e.la.kaʲ,3
বিপর্যস্ত,bi.pɔr.ɟos.t̪o,3
মজবুত,moɟ.but̪,3
মন্ত্রী,mon.t̪ri,3
আসবে,aʃ.be,3
পকেট,pɔ.ket,3
তেলাপিয়া,t̪e.la.pi.ʲa,3
অভাব,ɔ.bʰab,3
হলেও,ho.leo̯,3
তাতে,t̪a.t̪e,3
বুঝি,bu.ɟʰi,3
প্রথমে,pro.t̪ʰo.me,3
ছাতাটা,cʰa.t̪a.ta,3
খাতা,kʰa.t̪a,3
পারলে,par.le,3
সংসারের,ʃɔŋ.ʃa.rer,3
এইসব,ei̯.ʃɔb,3
দেশ,d̪eʃ,3
পাড়ি,pa.ɽi,3
তুলনায়,t̪u.lo.naʲ,3
উপায়,u.paʲ,3
হায়,haʲ,3
যাই,ɟai̯,3
বিপদ,bi.pɔd̪,3
যেত,ɟe.t̪o,3
যাচ্ছি,ɟac.cʰi,3
দক্ষিণ,d̪ok.kʰin,3
জনপদ,ɟɔ.no.pɔd̪,3
তবুও,t̪o.bu.o,3
খিচুড়ি,kʰi.cu.ri,3
দল,d̪ɔl,3
আসা,a.ʃa,3
ছবি,cʰo.bi,3
সরকারের,ʃɔr.ka.rer,3
দাবি,d̪a.bi,3
পারেনি,pa.re.ni,3
নেবে,ne.be,3
আগেও,a.ge.o,3
দেখেছে,d̪e.kʰe.cʰe,3
অধিকার,o.d̪ʰi.kar,3
খেটে,kʰe.te,3
খাওয়া,kʰao̯.ʷa,3
পরিবার,po.ri.bar,3
গাড়িটা,ga.ɽi.ta,3
দেখলেন,d̪ekʰ.len,3
খেল,kʰel,3
ড্রাইভার,drai̯.bʰar,3
কল,kɔl,3
ফ্রি,pʰri,3
জরুরী,ɟo.ru.ri,3
তখনও,t̪ɔ.kʰon.o,3
পড়ালেখা,pɔ.ɽa.le.kʰa,3
শোনো,ʃo.no,3
এদিকে,e.d̪i.ke,3
যাচ্ছ,ɟac.cʰo,3
বন্ধু,bon.d̪ʰu,3
সেদিন,ʃe.d̪in,3
হিসেবে,hi.ʃe.be,3
স্টেশনে,ste.ʃɔn,3
সম্মান,ʃɔm.man,3
নেওয়ার,neo̯.ʷar,3
বাসে,ba.se,3
যাওয়া,ɟao̯.ʷa,3
কথাই,kɔ.t̪ʰa.i,3
আসার,a.ʃar,3
বিষয়ে,bi.ʃɔ.ʲe,3
গ্রহণ,gro.hon,3
রাখা,ra.kʰa,3
হারানোর,ha.ra.nor,3
সবকিছু,ʃɔb.ki.cʰu,3
নদী,no.d̪i,3
চড়ে,cɔ.ɽe,3
প্রায়,praʲ,3
দুটো,d̪u.to,3
চারপাশে,car.pa.ʃe,3
পাওয়ার,pao̯.ʷar,3
যেখানে,ɟe.kʰa.ne,3
দিদি,d̪i.d̪i,3
শাড়ি,ʃa.ɽi,3
দিয়েছিলেন,d̪i.ʲe.cʰi.len,3
প্রথা,pro.t̪ʰa,3
অফিসের,ɔ.pʰi.ser,3
নিলাম,ni.lam,3
একুশে,e.ku.ʃe,3
শুভ,ʃu.bʰo,3
স্ট্যাটাস,stæ.tas,3
লাঙ্গল,laŋ.gol,3
ক্ষ্যাত,kʰæt̪,3
মতে,mɔ.t̪e,3
ঘটনা,gʰɔ.to.na,3
ব্যক্তিগত,bek.t̪i.gɔ.t̪o,3
উপস্থিত,u.pos.t̪ʰit̪,3
উদাহরণ,u.d̪a.hɔ.ron,3
কিশোরের,ki.ʃo.rer,3
বললেই,bol.lei̯,3
সাগরে,ʃa.go.re,3
ধরতে,d̪ʰor.t̪e,3
মাঝ,maɟʰ,3
সমুদ্রে,ʃo.mud̪.d̪re,3
সাগরের,ʃa.go.rer,3
ঢেউ,dʰeu̯,3
লড়াকু,lɔ.ɽa.ku,3
মিডিয়া,mi.di.ʲa,3
রিপোর্ট,ri.port,3
পড়েছে,po.ɽe.cʰe,3
মানুষগুলোকে,ma.nuʃ.gu.lo.ke,3
অসীম,ɔ.ʃim,3
বাধ্য,bad̪.d̪ʰo,3
জানা,ɟa.na,3
পরিবারের,po.ri.ba.rer,3
বলেছিল,bo.le.cʰi.lo,3
লাগাতে,la.ga.t̪e,3
চাইল,cai̯.lo,3
বেঁধে,bẽ.d̪ʰe,3
ভাসিয়ে,bʰa.ʃi.ʲe,3
সমান,ʃɔ.man,3
ডাক,dak,3
পঞ্চাশ,pɔn.caʃ,3
জেলে,ɟe.le,3
সাড়া,ʃa.ɽa,3
চেয়েছিল,ce.ʲe.cʰi.lo,3
নিশ্চয়তা,niʃ.cɔʲ.o.t̪a,3
খবরটা,kʰɔ.bor.ta,3
কঠিন,ko.tʰin,3
শাশুড়িকে,ʃa.ʃu.ɽi.ke,3
গলায়,gɔ.laʲ,3
ঘুরিয়ে,gʰu.ri.ʲe,3
জি,ɟi,3
উত্তর,ut̪.t̪or,3
গহনা,gɔ.ho.na,3
আনতে,an.t̪e,3
মৃত্যু,mrit̪.t̪u,3
অথচ,ɔ.t̪ʰo.co,3
ছয়,cʰɔʲ,3
মহামারি,mɔ.ha.ma.ri,3
ঘণ্টার,gʰɔn.tar,3
সবজি,ʃob.ɟi,3
পড়েছিলাম,po.ɽe.cʰi.lam,3
মাংশ,maŋ.ʃo,3
পানির,pa.nir,3
স্ত্রী,st̪ri,3
শক্ত,ʃɔk.t̪o,3
মুক্তি,muk.t̪i,3
আশেপাশের,a.ʃe.pa.ʃer,3
আশা,a.ʃa,3
যাতে,ɟa.t̪e,3
সারি,ʃa.ri,3
ক্ষেতের,kʰe.t̪er,3
বেগুনের,be.gu.ner,3
বিষয়,bi.ʃɔʲ,3
শুনলাম,ʃun.lam,3
ছুটি,cʰu.ti,3
চিন্তা,cin.t̪a,3
চাপ,cap,3
অসাধারণ,ɔ.ʃa.d̪ʰa.ron,3
ভাঙল,bʰaŋ.lo,3
ই,i,3
স্পটে,spɔ.te,3
“,,3
রাখুন,ra.kʰun,3
সকলের,ʃɔ.ko.ler,3
নিন,nin,3
মাধ্যমে,mad̪.d̪ʰo.me,3
সরে,ʃo.re,3
বেলে,be.le,3
দিচ্ছি,d̪ic.cʰi,3
সেঁকে,ʃẽ.ke,3
উচ্চারণ,uc.ca.ron,3
ছাড়ুন,cʰa.ɽun,3
থামান,t̪ʰa.man,3
প্রতি,pro.t̪i,3
দেখ,d̪ækʰ,3
পাতায়,pa.t̪aʲ,3
নাও,nao̯,3
মেয়েদের,me.ʲe.d̪er,3
অংশ,ɔŋ.ʃo,3
হও,hɔo̯,3
নারী,na.ri,3
হল,hɔl,3
অতি,o.t̪i,3
লক্ষ্য,lok.kʰo,3
দায়,d̪aʲ,3
ভেঙ্গে,bʰeŋ.ge,2
ফ্রেশ,pʰreʃ,2
সৌন্দর্যের,ʃou̯n.d̪ɔr.ɟer,2
অপরূপ,ɔ.po.rup,2
লালচে,lal.ce,2
কমলা,kɔm.la,2
আভা,a.bʰa,2
ছড়িয়ে,cʰo.ɽi.ʲe,2
সগৌরবে,ʃɔ.gou̯.rɔ.be,2
আবির্ভাবের,a.bir.bʰa.ber,2
নত,nɔ.t̪o,2
অভিবাদন,o.bʰi.ba.d̪on,2
বললাম,bol.lam,2
দেবে,d̪e.be,2
টেনশনে,ten.ʃo.ne,2
ঘুমাতে,gʰu.ma.t̪e,2
বুলিয়ে,bu.li.ʲe,2
করিস,ko.riʃ,2
তোর,t̪or,2
ব্যালকনিতে,bæl.ko.ni.t̪e,2
খাঁচা,kʰã.ca,2
কখনও,kɔ.kʰo.no,2
মায়া,ma.ʲa,2
আটকাতে,at.ka.t̪e,2
আশেপাশে,a.ʃe.pa.ʃe,2
আরেকটা,a.rek.ta,2
কোনোভাবেই,ko.no.bʰa.bei̯,2
মেরে,me.re,2
গুমড়ে,gum.ɽe,2
বাইরের,bai̯.rer,2
চেনে,ce.ne,2
অজানা,ɔ.ɟa.na,2
পড়ি,po.ɽi,2
টের,ter,2
পাইনি,pai̯.ni,2
সন্ধ্যায়,ʃon.d̪ʰaʲ,2
অভ্যাসবশত,ob.bʰæʃ.bɔ.ʃo.t̪o,2
খাঁচার,kʰã.car,2
অবাক,ɔ.bak,2
খুশিতে,kʰu.ʃi.t̪e,2
এলো,e.lo,2
হাতটা,hat̪.ta,2
ঘাটতি,gʰat.t̪i,2
দুঃশ্চিন্তা,d̪uʃ.cin.t̪a,2
যাদের,ɟa.d̪er,2
প্রচলিত,pro.co.li.t̪o,2
যেসব,ɟe.ʃɔb,2
ভাগ্যবতী,bʰag.go.bo.t̪i,2
জানালেন,ɟa.na.len,2
পাঠিয়েছেন,pa.tʰi.ʲe.cʰen,2
কিনতে,kin.t̪e,2
পাবলিশড,pab.liʃd,2
আত্মীয়,at̪.t̪ĩ.ʲo,2
আম্মুর,am.mur,2
অভিযোগ,o.bʰi.ɟog,2
প্রবেশ,pro.beʃ,2
গেলেন,ge.len,2
পাচ্ছিলাম,pac.cʰi.lam,2
স্মরণ,ʃɔ̃.ron,2
করিয়ে,ko.ri.ʲe,2
দশমিক,d̪ɔ.ʃo.mik,2
পরেই,pɔ.rei̯,2
প্রতিটি,pro.t̪i.ti,2
সেকেন্ড,se.kend,2
সেকেন্ডের,se.ken.der,2
প্রবাহিত,pro.ba.hi.t̪o,2
বেড়ে,be.ɽe,2
বুকের,bu.ker,2
বলদ,bɔ.lod̪,2
দরজার,d̪ɔr.ɟar,2
বারান্দায়,ba.ran.d̪aʲ,2
স্বাদ,ʃad̪,2
একা,æ.ka,2
ভক্তকে,bʰɔk.t̪o.ke,2
দিতেই,d̪i.t̪ei̯,2
মুগ্ধ,mug.d̪ʰo,2
হই,hoi̯,2
কাকে,ka.ke,2
কাছ,kacʰ,2
ভক্ত,bʰɔk.t̪o,2
ভালোবাসা,bʰa.lo.ba.ʃa,2
জানেন,ɟa.nen,2
রাখেন,ra.kʰen,2
নিয়েই,ni.ʲei̯,2
ভেবেই,bʰe.bei̯,2
ফেললাম,pʰel.lam,2
আকাশে,a.ka.ʃe,2
পরিবেশ,po.ri.beʃ,2
আশ্বিন,aʃ.ʃin,2
শুভ্রতা,ʃub.bʰro.t̪a,2
রাখে,ra.kʰe,2
চারপাশের,car.pa.ʃer,2
মেঘে,me.gʰe,2
কাশফুলের,kaʃ.pʰu.ler,2
ভালোবাসার,bʰa.lo.ba.ʃar,2
চারপাশ,car.paʃ,2
কঠোর,kɔ.tʰor,2
একগাদা,æk.ga.d̪a,2
ঔষধ,ou̯.ʃɔd̪ʰ,2
আমারও,a.mar.o,2
আসি,a.ʃi,2
বৃষ্টির,briʃ.tir,2
ডাল,dal,2
দিয়েছি,d̪i.ʲe.cʰi,2
আছাড়,a.cʰaɽ,2
মেজাজ,me.ɟaɟ,2
লাগল,lag.lo,2
চোর,cor,2
চোরের,co.rer,2
বংশধর,bɔŋ.ʃo.d̪ʰɔr,2
বাজেট,ba.ɟet,2
বিনা,bi.na,2
বাক্য,bak.ko,2
অনুদান,o.nu.d̪an,2
চললে,col.le,2
কখনোই,kɔ.kʰo.noi̯,2
বাম,bam,2
টা,ta,2
পেয়েছি,pe.ʲe.cʰi,2
রাগে,ra.ge,2
ফুসতে,pʰuʃ.t̪e,2
অন্যের,on.ner,2
বুদ্ধি,bud̪.d̪ʰi,2
নিষেধ,ni.ʃed̪ʰ,2
কাউকে,kau̯.ke,2
তাহলেই,t̪a.ho.lei̯,2
চিৎকার,cit̪.kar,2
মাকে,ma.ke,2
হতেই,ho.t̪ei̯,2
রসিয়ে,ro.ʃi.ʲe,2
গেছি,ge.cʰi,2
মহাখুশি,mɔ.ha.kʰu.ʃi,2
হতবাক,hɔ.t̪o.bak,2
দেই,d̪ei̯,2
পায়ে,pa.ʲe,2
তেল,t̪el,2
মাসে,ma.ʃe,2
দেখিনি,d̪e.kʰi.ni,2
বাতি,ba.t̪i,2
সপ্তাহে,ʃɔp.t̪a.he,2
জমিদার,ɟo.mi.d̪ar,2
এসেছিলাম,e.ʃe.cʰi.lam,2
এরকম,e.rɔ.kom,2
মজা,mɔ.ɟa,2
সহকারে,ʃɔ.ho.ka.re,2
আনন্দের,a.non.d̪er,2
জ্ঞানের,gæ̃.ner,2
অন্বেষণ,ɔn.ne.ʃɔn,2
আমায়,a.maʲ,2
পথ,pɔt̪ʰ,2
কয়েকজন,kɔʲ.ek.ɟɔn,2
উপদেশ,u.po.d̪eʃ,2
বসুন,bo.ʃun,2
এখানকার,e.kʰan.kar,2
অর্থনৈতিক,ɔr.t̪ʰo.noi̯.t̪ik,2
বুক,buk,2
বেধে,be.d̪ʰe,2
প্রশাসন,pro.ʃa.ʃon,2
সরকারি,ʃɔr.ka.ri,2
এমপি,em.pi,2
ধাপে,d̪ʰa.pe,2
পলি,pɔ.li,2
মাটির,ma.tir,2
বন্যায়,bon.naʲ,2
লাভ,labʰ,2
বাঁচাতে,bã.ca.t̪e,2
সরকার,ʃɔr.kar,2
ব্যবসা,bæb.ʃa,2
এলাকার,e.la.kar,2
চাষিরা,ca.ʃi.ra,2
ঘেরে,gʰe.re,2
চাষ,caʃ,2
এমনিতেই,em.ni.t̪ei̯,2
সংসার,ʃɔŋ.ʃar,2
লোন,lon,2
ভুগতে,bʰug.t̪e,2
কিছুদিন,ki.cʰu.d̪in,2
আসল,a.ʃol,2
মূর্তিমান,mur.t̪i.man,2
বিভিষিকা,bi.bʰi.ʃi.ka,2
গুণ,gun,2
উপরে,u.po.re,2
ঢুকে,dʰu.ke,2
কেউই,keu̯.i,2
বাতাস,ba.t̪aʃ,2
বইছে,boi̯.cʰe,2
ইস্,is,2
বলতেই,bol.t̪ei̯,2
আয়,aʲ,2
ছাতা,cʰa.t̪a,2
রিকশা,rik.ʃa,2
আট,at,2
উনিশ,u.niʃ,2
পোস্ট,post,2
মানুষগুলোর,ma.nuʃ.gu.lor,2
অবস্থান,ɔ.bos.t̪ʰan,2
বলেছেন,bo.le.cʰen,2
জানিয়েছেন,ɟa.ni.ʲe.cʰen,2
ঠিকই,tʰi.ki,2
জনগণের,ɟɔ.no.gɔ.ner,2
ক্ষণস্থায়ী,kʰɔ.nos.t̪ʰa.ʲi,2
তাসের,t̪a.ʃer,2
নির্বাচনের,nir.ba.co.ner,2
খুঁজে,kʰũ.ɟe,2
টেকসই,tek.ʃoi̯,2
প্রহসন,pro.ho.ʃɔn,2
দেয়ালে,d̪e.ʲa.le,2
পিঠ,pitʰ,2
ঠেকে,tʰæ.ke,2
বাংলাদেশ,baŋ.la.d̪eʃ,2
জীবিকা,ɟi.bi.ka,2
উপার্জন,u.parɟ.ɟon,2
জানিয়েছে,ɟa.ni.ʲe.cʰe,2
প্রাণের,pra.ner,2
কিনেছেন,ki.ne.cʰen,2
শোনা,ʃo.na,2
জল,ɟɔl,2
মুছে,mu.cʰe,2
যেটা,ɟe.ta,2
দিনই,d̪in.i,2
চালান,ca.lan,2
লোকের,lo.ker,2
জরিমানা,ɟo.ri.ma.na,2
পুলিশ,pu.liʃ,2
লোক,lok,2
কদর,kɔ.d̪or,2
চাচার,ca.car,2
পেয়েছেন,pe.ʲe.cʰen,2
স্ক্রিনে,skri.ne,2
চমকে,cɔ.mok.e,2
উঠলাম,utʰ.lam,2
রিসিভ,ri.sibʰ,2
দিয়েই,d̪i.ʲei̯,2
অবশ্যই,ɔ.boʃ.ʃoi̯,2
ক্যান্টিনের,kæn.ti.ner,2
জানাতেই,ɟa.na.t̪ei̯,2
চেপে,ce.pe,2
খাচ্ছে,kʰac.cʰe,2
দেখেই,d̪e.kʰei̯,2
দুজনেই,d̪u.ɟɔ.nei̯,2
সম্পর্ক,ʃɔm.pɔr.ko,2
শোনার,ʃo.nar,2
বাড়িয়ে,ba.ɽi.ʲe,2
শরীরের,ʃo.ri.rer,2
প্রায়ই,pra.ʲi,2
বর্ণনা,bɔr.no.na,2
দুজন,d̪u.ɟon,2
বনের,bo.ner,2
বন্ধুর,bon.d̪ʰur,2
গাইতে,gai̯.t̪e,2
মাস্টার,mas.tar,2
যোগদান,ɟog.d̪an,2
স্নেহ,sne.ho,2
রংপুরে,rɔŋ.pu.re,2
শাক,ʃak,2
আসেন,a.ʃen,2
তামাক,t̪a.mak,2
ক্লাস,klas,2
ডিন,din,2
স্যারের,sa.rer,2
অসুস্থ,ɔ.ʃus.t̪ʰo,2
ধাতস্থ,d̪ʰa.t̪os.t̪ʰo,2
কারণটা,ka.ron.ta,2
ব্যাখ্যা,bæk.kʰa,2
সেজন্য,ʃe.ɟon.no,2
লাগবে,lag.be,2
পারছেন,par.cʰen,2
চিবোতে,ci.bo.t̪e,2
তথা,t̪ɔ.t̪ʰa,2
আসবেন,aʃ.ben,2
নেতাদের,ne.t̪a.d̪er,2
আমিও,a.mi.o,2
নির্দিষ্ট,nir.d̪iʃ.to,2
সময়ে,ʃo.mɔ.ʲe,2
এ্যাসাইনমেন্ট,æ.sai̯n.ment,2
পরবর্তীতে,pɔ.ro.bor.t̪i.t̪e,2
দুশ্চিন্তায়,d̪uʃ.cin.t̪aʲ,2
আশ্বস্ত,aʃ.ʃɔs.t̪o,2
হাতের,ha.t̪er,2
দেখলে,d̪ekʰ.le,2
গেছেন,gæ.cʰen,2
বিশাল,bi.ʃal,2
জলরাশি,ɟɔ.lo.ra.ʃi,2
বয়ে,bo.ʲe,2
চলা,cɔ.la,2
মোটর,mo.tor,2
রেল,rel,2
ব্যাপার,bæ.par,2
ড্রাইভিং,drai̯.bʰiŋ,2
পার্ক,park,2
নদীর,no.d̪ir,2
ভিতরটা,bʰi.t̪or.ta,2
প্রমাণ,pro.man,2
ধীরে,d̪ʰi.re,2
ডাকাডাকিতে,da.ka.da.ki.t̪e,2
পাড়,paɽ,2
সিঁদূর,ʃĩ.d̪ur,2
কপালে,kɔ.pa.le,2
ছড়ানো,cʰɔ.ɽa.no,2
দেবী,d̪e.bi,2
অফিসে,ɔ.pʰi.se,2
ভোরে,bʰo.re,2
দাদাবাবু,d̪a.d̪a.ba.bu,2
এছাড়া,æ.cʰa.ɽa,2
উদ্দেশ্যে,ud̪.d̪eʃ.ʃe,2
শিক্ষিত,ʃik.kʰi.t̪o,2
মানা,ma.na,2
সময়ও,ʃɔ.mɔʲ.o,2
নিয়ম,ni.ʲom,2
ঘড়ির,gʰo.ɽir,2
এলিয়ে,e.li.ʲe,2
স্ক্রলিং,skrɔ.liŋ,2
অন,ɔn,2
কয়েকটা,kɔʲ.ek.ta,2
জমা,ɟɔ.ma,2
ম্যাসেঞ্জার,mæ.sen.ɟar,2
ওপেন,o.pen,2
মহালয়ার,mɔ.ha.lɔ.ar,2
শুভেচ্ছাবার্তা,ʃu.bʰec.cʰa.bar.t̪a,2
দিচ্ছে,d̪ic.cʰe,2
ফেব্রুয়ারি,pʰeb.bru.ʷa.ri,2
হতাশ,hɔ.t̪aʃ,2
ভাই,bʰai̯,2
জুড়ে,ɟu.ɽe,2
আপডেট,ap.det,2
টন,tɔn,2
ট্রেন্ডে,tren.de,2
ট্রেন্ড,trend,2
ভাইরাল,bʰai̯.ral,2
এজন্য,e.ɟon.no,2
ফল,pʰɔl,2
নই,noi̯,2
উপাধি,u.pa.d̪ʰi,2
বিশেষ,bi.ʃeʃ,2
একান্তই,æ.kan.t̪oi̯,2
ছি,cʰi,2
খেলার,kʰæ.lar,2
অনুমতি,o.nu.mo.t̪i,2
চায়নি,caʲ.ni,2
যোগ্যতা,ɟog.go.t̪a,2
ছিনিয়ে,cʰi.ni.ʲe,2
বসেই,bo.ʃei̯,2
দিনশেষে,d̪in.ʃe.ʃe,2
স্কুলে,sku.le,2
শুনেছি,ʃu.ne.cʰi,2
ছোটো,cʰo.to,2
অঞ্চল,ɔn.cɔl,2
পদে,pɔ.d̪e,2
মুহূর্তে,mu.hur.t̪e,2
বুকে,bu.ke,2
ভয়াবহ,bʰɔ.ʲa.bɔ.ho,2
পাড়ায়,pa.ɽaʲ,2
সংখ্যা,ʃoŋ.kʰa,2
হয়েই,ho.ʲe.i,2
কার্যকর,kar.ɟo.kɔr,2
সাহসীকতার,ʃa.ho.ʃi.kɔ.t̪ar,2
দিয়েছিল,d̪i.ʲe.cʰi.lo,2
থাকলেও,t̪ʰak.leo̯,2
স্কুল,skul,2
হাল,hal,2
নামক,na.mok,2
সমুদ্র,ʃo.mud̪.d̪ro,2
কেড়ে,ke.ɽe,2
নিয়েছে,ni.ʲe.cʰe,2
রোজ,roɟ,2
পেত,pe.t̪o,2
পরিবারকে,po.ri.bar.ke,2
চেয়েছিলাম,ce.ʲe.cʰi.lam,2
ভাষায়,bʰa.ʃaʲ,2
দাঁড়,d̪ãɽ,2
ফোঁশকা,pʰõʃ.ka,2
কিশোর,ki.ʃor,2
লাইফ,lai̯pʰ,2
সাপোর্ট,sa.port,2
প্রয়োজন,proʲ.o.ɟon,2
বিপদের,bi.pɔ.d̪er,2
বাঁচানোর,bã.ca.nor,2
কাজে,ka.ɟe,2
ছেলেবেলায়,cʰe.le.bæ.laʲ,2
শুকনো,ʃuk.no,2
হালকা,hal.ka,2
অল্প,ɔl.po,2
ক্রসের,krɔ.ser,2
থাকত,t̪ʰak.t̪o,2
ভারী,bʰa.ri,2
কর্কশিট,kɔr.ko.ʃit,2
নৌকার,nou̯.kar,2
রাখত,rakʰ.t̪o,2
পাটাতন,pa.ta.t̪ɔn,2
মহাজনের,mɔ.ha.ɟɔ.ner,2
ট্রলারের,trɔ.la.rer,2
মোট,mot,2
ট্রলারে,trɔ.la.re,2
যাত্রা,ɟat̪.t̪ra,2
কাছাকাছি,ka.cʰa.ka.cʰi,2
পাড়ের,pa.ɽer,2
জেলেরা,ɟe.le.ra,2
শ্রদ্ধা,srod̪.d̪ʰa,2
আগ,ag,2
কিছুদিনের,ki.cʰu.d̪i.ner,2
ঈদ,id̪,2
শিক্ষা,ʃik.kʰa,2
শেখা,ʃe.kʰa,2
কিছুতেই,ki.cʰu.t̪ei̯,2
ছেলের,cʰe.ler,2
শুনেছিল,ʃu.ne.cʰi.lo,2
ভেবেছিল,bʰe.be.cʰi.lo,2
যুগের,ɟu.ger,2
উপার্জনের,u.par.ɟo.ner,2
খবরদারি,kʰɔ.bor.d̪a.ri,2
রুমে,ru.me,2
একবারও,æk.bar.o,2
ওরা,o.ra,2
বাগান,ba.gan,2
পুকুর,pu.kur,2
জমি,ɟo.mi,2
দেখাতে,d̪æ.kʰa.t̪e,2
বৌমাকে,bou̯.ma.ke,2
বাগানে,ba.ga.ne,2
বুঝতে,buɟʰ.t̪e,2
গহনাগুলো,gɔ.ho.na.gu.lo,2
অথবা,ɔ.t̪ʰo.ba,2
জনপ্রিয়,ɟɔ.nop.pri.ʲo,2
বয়সেই,bɔʲ.o.ʃei̯,2
বুকটা,buk.ta,2
ছ্যাৎ,cʰæt̪,2
নামকরা,nam.kɔ.ra,2
অঙ্ক,ɔŋ.ko,2
বিপর্যয়,bi.pɔr.ɟɔʲ,2
সিদ্ধান্ত,sid̪.d̪ʰan.t̪o,2
খামারে,kʰa.ma.re,2
করায়,kɔ.raʲ,2
তাকাতেই,t̪a.ka.t̪ei̯,2
মুখের,mu.kʰer,2
ঝুকে,ɟʰu.ke,2
রুমের,ru.mer,2
গুলিয়ে,gu.li.ʲe,2
পারলাম,par.lam,2
শক্তি,ʃok.t̪i,2
ঘাবড়ে,gʰab.ɽe,2
বিছানা,bi.cʰa.na,2
দৌড়ে,d̪ou̯.ɽe,2
উঠোনে,u.tʰo.ne,2
অনাহারী,ɔ.na.ha.ri,2
রেখেছে,re.kʰe.cʰe,2
ঘুমের,gʰu.mer,2
গোঁ,gõ,2
জড়িয়ে,ɟo.ɽi.ʲe,2
আদায়,a.d̪aʲ,2
মুক্তির,muk.t̪ir,2
মজুদ,mo.ɟud̪,2
আগের,a.ger,2
প্রকৃত,pro.kri.t̪o,2
সুখ,ʃukʰ,2
ধানের,d̪ʰa.ner,2
জমিতে,ɟo.mi.t̪e,2
মাঠের,ma.tʰer,2
অজুহাত,o.ɟu.hat̪,2
গেলো,gæ.lo,2
শ্বশুর,ʃo.ʃur,2
ছেলেরা,cʰe.le.ra,2
ফাইনাল,pʰai̯.nal,2
স্বামীকে,ʃa.mi.ke,2
পরীক্ষার,po.rik.kʰar,2
প্রস্তুতি,pros.t̪u.t̪i,2
পারবেন,par.ben,2
বলেছে,bo.le.cʰe,2
ইন্টারভিউ,in.tar.bʰiu̯,2
বলেছি,bo.le.cʰi,2
যেহেতু,ɟe.he.t̪u,2
এইবার,ei̯.bar,2
লিখিত,li.kʰi.t̪o,2
রান,ran,2
তোলার,t̪o.lar,2
অন্যদের,on.no.d̪er,2
খেলতে,kʰel.t̪e,2
ইনিংস,i.niŋs,2
দিনের,d̪i.ner,2
বিশেষণে,bi.ʃe.ʃɔ.ne,2
বিশেষায়িত,bi.ʃe.ʃaʲ.i.t̪o,2
ওভার,o.bʰar,2
উত্তেজনা,ut̪.t̪e.ɟo.na,2
দুর্দান্ত,d̪ur.d̪an.t̪o,2
পয়েন্ট,pɔʲ.ent,2
ধুয়ে,d̪ʰu.ʲe,2
পুত্র,put̪.ro,2
কাটিয়ে,ka.ti.ʲe,2
শুনতাম,ʃun.t̪am,2
অবলোকন,ɔ.bo.lo.kon,2
অভিজ্ঞতা,o.bʰig.gɔ̃.t̪a,2
ইনিংসটাই,i.niŋs.tai̯,2
খেললেন,kʰel.len,2
পরপর,pɔr.pɔr,2
ম্যাচের,mæ.cer,2
কিক,kik,2
কারণে,ka.ro.ne,2
ম্যাচে,mæ.ce,2
দাম,d̪am,2
সোনার,ʃo.nar,2
ব্যবহৃত,bæ.bo.hri.t̪o,2
জিনিস,ɟi.niʃ,2
তারকা,t̪a.ro.ka,2
কালের,ka.ler,2
খবরের,kʰɔ.bo.rer,2
ফোনের,pʰo.ner,2
দোস্ত,d̪os.t̪o,2
রাতের,ra.t̪er,2
শিবুকে,ʃi.bu.ke,2
মন্দ,mɔn.d̪o,2
চাদরে,ca.d̪o.re,2
কাঁপা,kã.pa,2
ভাইয়ের,bʰai̯.er,2
যায়নি,ɟaʲ.ni,2
সন্তানেরা,ʃɔn.t̪a.ne.ra,2
আমারই,a.mar.i,2
ভালোই,bʰa.loi̯,2
দাদা,d̪a.d̪a,2
শুনছি,ʃun.cʰi,2
উনি,u.ni,2
রুমটা,rum.ta,2
ঘরটা,gʰɔr.ta,2
পেতাম,pe.t̪am,2
স্কোর,skor,2
শো,ʃo,2
একদিনে,æk.d̪i.ne,2
সাধনা,ʃa.d̪ʰo.na,2
ক্ষুদ্র,kʰud̪.d̪ro,2
সম্পদ,ʃɔm.pɔd̪,2
জানাও,ɟa.nao̯,2
এটাই,e.ta.i,2
ঘ্রাণ,gʰran,2
এটার,e.tar,2
থাকো,t̪ʰa.ko,2
কাজটা,kaɟ.ta,2
সুস্থ,ʃus.t̪ʰo,2
চান,can,2
সকালের,ʃɔ.ka.ler,2
প্রাতরাশ,pra.t̪o.raʃ,2
শক্তিবর্ধনীয়,ʃok.t̪i.bɔr.d̪ʰo.ni.ʲo,2
ঠেলে,tʰe.le,2
বকে,bɔ.ke,2
ধাক্কা,d̪ʰak.ka,2
অনুষ্ঠানটি,o.nuʃ.tʰan.ti,2
উপস্থাপনা,u.pos.t̪ʰa.po.na,2
ব্যাপারে,bæ.pa.re,2
হবেন,hɔ.ben,2
পড়ুন,po.ɽun,2
নিমন্ত্রণ,ni.mɔn.t̪ron,2
আন্তরিকতা,an.t̪o.ri.kɔ.t̪a,2
অতিথিকে,o.t̪i.t̪ʰi.ke,2
দুর্নাম,d̪ur.nam,2
আন্তরিক,an.t̪o.rik,2
ভণ্ডামি,bʰɔn.da.mi,2
ডাক্তার,dak.t̪ar,2
তাড়াতাড়ি,t̪a.ɽa.t̪a.ɽi,2
নির্দয়,nir.d̪ɔʲ,2
আজই,aɟ.i,2
সার্টিফিকেট,sar.ti.pʰi.ket,2
তুলুন,t̪u.lun,2
কম্পিউটার,kɔm.piu̯.tar,2
আনন্দিত,a.non.d̪i.t̪o,2
ভর্ৎসনা,bʰɔrt̪.ʃɔ.na,2
অম্লান,ɔm.lan,2
তন্ময়,t̪ɔn.mɔʲ,2
আক্কেল,ak.kel,2
তুলেছে,t̪u.le.cʰe,2
অনাঘ্রাত,ɔ.na.gʰrat̪,2
হিন্দুধর্ম,hin.d̪u.d̪ʰɔr.mo,2
ব্রহ্ম,brɔm.ho,2
আগুন,a.gun,2
ষণ্নবতি,ʃɔn.no.bo.t̪i,2
সস্ত্রীক,ʃɔ.st̪rik,2
নক্ষত্রের,nɔk.kʰɔt̪.t̪rer,2
ধরা,d̪ʰɔ.ra,2
যার,ɟar,2
মোবাইলটা,mo.bai̯l.ta,2
রাখ,ra.kʰo,2
লেখাটা,le.kʰa.ta,2
পড়,pɔɽ,2
বল,bɔl,2
উনত্রিশ,u.not̪.t̪riʃ,2
নম্বর,nɔm.bor,2
পৃষ্ঠা,priʃ.tʰa,2
খোল,kʰol,2
নয়ত,nɔʲ.t̪o,2
বেলা,bæ.la,2
ঘুমিয়েছিস,gʰu.mi.ʲe.cʰiʃ,2
ওঠ,otʰ,2
চুপ,cup,2
শোন,ʃo.no,2
মনযোগ,mo.no.ɟog,2
লিখ,li.kʰo,2
খাবি,kʰa.bi,2
ভাব,bʰab,2
বোতল,bo.t̪ol,2
কিন,kin,2
ধর,d̪ʰɔr,2
ফেল,pʰel,2
নয়তো,nɔʲ.t̪o,2
সর,ʃɔr,2
লুচিগুলো,lu.ci.gu.lo,2
বেল,bel,2
পায়েশটা,paʲ.eʃ.ta,2
ঢাক,dʰak,2
সুখে,ʃu.kʰe,2
নাচ,nac,2
হাঁট,hãt,2
বেচ,bec,2
আসছি,aʃ.cʰi,2
এইখানে,ei̯.kʰa.ne,2
চেয়ারটা,ce.ʲar.ta,2
ওদিকে,o.d̪i.ke,2
তীক্ষ্ণ,t̪ikʰ.no,2
রাখতে,rakʰ.t̪e,2
ভাগ্য,bʰag.go,2
গ্রহ,gro.ho,2
স্বাস্থ্য,ʃas.t̪ʰo,2
ঘি,gʰi,2
রোগের,ro.ger,2
আকাঙ্ক্ষা,a.kaŋ.kʰa,2
তৎপর,t̪ɔt̪.pɔr,2
সম্পন্ন,ʃɔm.pɔn.no,2
রন্ধ্রে,rɔn.d̪ʰre,2
দাসত্ব,d̪a.ʃot̪.t̪o,2
বৈশিষ্ট্য,boi̯.ʃiʃ.to,2
গুরুত্বপূর্ণ,gu.rut̪.t̪o.purn.no,2
বর্গ,bɔr.go,2
বাংলায়,baŋ.laʲ,2
খাদ্য,kʰad̪.d̪o,2
ধর্ম,d̪ʰɔrm.mo,2
কোর্টে,kor.te,2
প্রয়োগ,proʲ.og,2
শুদ্ধ,ʃud̪.d̪ʰo,2
ঐক্যমত,oi̯k.ko.mɔt̪,2
উপন্যাস,u.pon.naʃ,2
ঐতিহ্য,oi̯.t̪iɟ.ɟʰo,2
লিখেছেন,li.kʰe.cʰen,2
মাপুন,ma.pun,2
মুক্ত,muk.t̪o,2
বানান,ba.nan,2
দলে,d̪ɔ.le,2
ভাগ,bʰag,2
রাজ্যে,raɟ.ɟe,2
শঙ্খ,ʃɔŋ.kʰo,2
কুঞ্জ,kun.ɟo,2
সাজাও,sa.ɟao̯,2
গাইবে,gai̯.be,2
যত্ন,ɟɔt̪.no,2
কণ্ঠের,kɔn.tʰer,2
বেশী,be.ʃi,2
পত্র,pɔt̪.ro,2
হাই,hai̯,2
আড়মোড়া,aɽ.mo.ɽa,2
নন,nɔn,2
বারে,ba.re,2
সমচ্চারিত,ʃɔ.moc.ca.ri.t̪o,2
তালিকা,t̪a.li.ka,2
অজ্ঞাত,ɔg.gæ̃.t̪o,2
অবজ্ঞাত,ɔ.bog.gæ̃.t̪o,2
তুচ্ছ,t̪uc.cʰo,2
বহুদিন,bo.hu.d̪in,1
ভোরের,bʰo.rer,1
মোহনিয়া,mo.ho.ni.ʲa,1
হার,har,1
লাগা,la.ga,1
সম্বিত,ʃɔm.bit̪,1
ভাইয়ার,bʰai̯.ʲar,1
ডাকে,da.ke,1
দিক,d̪ik,1
পূর্বদিক,pur.bo.d̪ik,1
উঠেছে,u.tʰe.cʰe,1
পড়েছি,po.ɽe.cʰi,1
বিসিএসের,bi.si.e.ser,1
ভাইভার,bʰai̯.bʰar,1
এগিয়ে,e.gi.ʲe,1
টেনশন,ten.ʃon,1
বুড়ি,bu.ri,1
দেখবি,d̪ekʰ.bi,1
ভালোটাই,bʰa.lo.tai̯,1
অক্লান্ত,ɔ.klan.t̪o,1
বৃথা,bri.t̪ʰa,1
কেষ্ট,keʃ.to,1
ছাদের,cʰa.d̪er,1
এক্সারসাইজ,ek.sar.sai̯ɟ,1
বিষণ্ন,bi.ʃɔn.no,1
পোষা,po.ʃa,1
শালিক,ʃa.lik,1
শিষ,ʃiʃ,1
দেখলেই,d̪ekʰ.lei̯,1
বিচলিত,bi.co.li.t̪o,1
বেড়িয়ে,be.ɽi.ʲe,1
বন্দিদশা,bon.d̪i.d̪ɔ.ʃa,1
ওরও,or.o,1
খাঁচায়,kʰã.caʲ,1
বোঝালো,bo.ɟʰa.lo,1
এনে,e.ne,1
আশ্বাসও,aʃ.ʃaʃ.o,1
দিলো,d̪i.lo,1
সামলাতে,ʃam.la.t̪e,1
সঙ্গেই,ʃɔŋ.gei̯,1
আটকে,at.ke,1
ঘাপটি,gʰap.ti,1
খাঁচাটার,kʰã.ca.tar,1
কেঁদেছিলাম,kẽ.d̪e.cʰi.lam,1
পাখিটাকে,pa.kʰi.ta.ke,1
পাখিটার,pa.kʰi.tar,1
বয়স,bɔʲ.oʃ,1
দেড়,d̪eɽ,1
ঠিকমতো,tʰik.mɔ.t̪o,1
উড়তেও,uɽ.t̪eo̯,1
শেখেনি,ʃe.kʰe.ni,1
দুর্ঘটনার,d̪ur.gʰɔ.to.nar,1
আশঙ্কায়,a.ʃɔŋ.kaʲ,1
কুঁকড়ে,kũk.ɽe,1
গেছিলাম,ge.cʰi.lam,1
ছোট্ট,cʰot.to,1
কমই,kɔm.i,1
হয়েছি,ho.ʲe.cʰi,1
পাখিটাও,pa.kʰi.tao̯,1
বন্দিদশাকে,bon.d̪i.d̪ɔ.ʃa.ke,1
ভালোবেসে,bʰa.lo.be.ʃe,1
ফেলেছে,pʰe.le.cʰe,1
কাঁধে,kã.d̪ʰe,1
চেনা,ce.na,1
কোমল,ko.mol,1
স্পর্শ,spɔr.ʃo,1
তাকাতে,t̪a.ka.t̪e,1
এসেছেন,e.ʃe.cʰen,1
প্রশ্রয়ের,pros.rɔʲ.er,1
আমারা,a.ma.ra,1
স্বাধীনভাবে,ʃa.d̪ʰin.bʰa.be,1
আলতোভাবে,al.t̪o.bʰa.be,1
মুঠোর,mu.tʰor,1
ভেবো,bʰe.bo,1
তারাই,t̪a.rai̯,1
সাফল্য,ʃa.pʰol.lo,1
অর্জনে,ɔr.ɟo.ne,1
নিশ্চিত,niʃ.ci.t̪o,1
সৎসাহস,ʃɔt̪.ʃa.hoʃ,1
নও,nɔo̯,1
সবটুকু,ʃɔb.tu.ku,1
করেছো,ko.re.cʰo,1
বাকিটা,ba.ki.ta,1
সৃষ্টিকর্তার,sriʃ.ti.kɔr.t̪ar,1
চলো,cɔ.lo,1
প্রশান্তিতে,pro.ʃan.t̪i.t̪e,1
উঠলো,utʰ.lo,1
চেহারা,ce.ha.ra,1
এটুকু,e.tu.ku,1
মানুষটাই,ma.nuʃ.tai̯,1
ভরসা,bʰɔ.ro.ʃa,1
শুনছিলাম,ʃun.cʰi.lam,1
দোকানে,d̪o.ka.ne,1
প্রতিবেশীদের,pro.t̪i.be.ʃi.d̪er,1
পাঠাবেন,pa.tʰa.ben,1
হা,ha,1
আল্লাহর,al.lahr,1
করছেন,kor.cʰen,1
ক্যাডারশিপ,kæ.dar.ʃip,1
দৃঢ়,d̪ri.ɽʰo,1
আল্লাহ,al.lah,1
কবুল,ko.bul,1
সরল,ʃɔ.rol,1
কোনোকিছুই,ko.no.ki.cʰui̯,1
জটিল,ɟo.til,1
শেখেননি,ʃe.kʰen.ni,1
সরলতার,ʃɔ.ro.lɔ.t̪ar,1
বেগ,beg,1
নিয়েছেন,ni.ʲe.cʰen,1
কোনোদিন,ko.no.d̪in,1
শুনিনি,ʃu.ni.ni,1
করেছিলেন,ko.re.cʰi.len,1
তেমনি,t̪em.ni,1
আব্বুকে,ab.bu.ke,1
বাজারের,ba.ɟa.rer,1
লিস্টের,lis.ter,1
দিচ্ছিলেন,d̪ic.cʰi.len,1
মহাভোজের,mɔ.ha.bʰo.ɟer,1
আয়োজন,aʲ.o.ɟon,1
বাজে,ba.ɟe,1
পাব,pa.bo,1
কাটতে,kat.t̪e,1
চাচ্ছে,cac.cʰe,1
মিনিটের,mi.ni.ter,1
ন্যানো,næ.no,1
ক্ষুদ্রাতিক্ষুদ্র,kʰud̪.d̪ra.t̪i.kʰud̪.d̪ro,1
অংশে,ɔŋ.ʃe,1
বিভক্ত,bi.bʰɔk.t̪o,1
শিরা,ʃi.ra,1
উপশিরা,u.po.ʃi.ra,1
রক্তবিন্দুর,rɔk.t̪o.bin.d̪ur,1
মুহূর্ত,mu.hur.t̪o,1
ব্লাড,blad,1
প্রেশারও,pre.ʃar.o,1
কতক্ষণ,kɔ.t̪ok.kʰɔn,1
চড়,cɔɽ,1
ভেংচি,bʰeŋ.ci,1
গেজেটের,ge.ɟe.ter,1
কানকে,kan.ke,1
আব্বু,ab.bu,1
মিটমিট,mit.mit,1
হাসছেন,haʃ.cʰen,1
গলার,gɔ.lar,1
পরিচিতদের,po.ri.ci.t̪o.d̪er,1
সোজা,ʃo.ɟa,1
দরজাটা,d̪ɔr.ɟa.ta,1
সুখের,ʃu.kʰer,1
সুখও,ʃukʰ.o,1
অ্যাঁ,æ̃,1
সহজে,ʃɔ.ho.ɟe,1
ছাড়,cʰaɽ,1
পাচ্ছেন,pac.cʰen,1
অভাজন,ɔ.bʰa.ɟon,1
পারেন,pa.ren,1
কার,kar,1
শিখেছেন,ʃi.kʰe.cʰen,1
যতই,ɟɔ.t̪oi̯,1
কোথা,ko.t̪ʰa,1
আদৌ,a.d̪ou̯,1
গুরু,gu.ru,1
মানেন,ma.nen,1
কাদের,ka.d̪er,1
ততই,t̪ɔ.t̪oi̯,1
প্রতিভাবান,pro.t̪i.bʰa.ban,1
বটবৃক্ষ,bɔ.to.brik.kʰo,1
ভক্তদের,bʰɔk.t̪o.d̪er,1
হতাশার,hɔ.t̪a.ʃar,1
সুনাম,ʃu.nam,1
অন্যরা,on.no.ra,1
বেড়ায়,bæ.ɽaʲ,1
বিবেক,bi.bek,1
কারা,ka.ra,1
সম্পর্কে,ʃɔm.pɔr.ke,1
কতটুকু,kɔ.t̪o.tu.ku,1
কীসে,ki.ʃe,1
কবে,kɔ.be,1
মেঘ,megʰ,1
অচিরেই,ɔ.ci.rei̯,1
মুষুলধারায়,mu.ʃul.d̪ʰa.raʲ,1
নামবে,nam.be,1
আষাঢ়,a.ʃaɽ,1
স্যাঁতস্যাঁতে,ʃæ̃t̪.ʃæ̃.t̪e,1
ভাদ্র,bʰad̪.ro,1
রোদও,rod̪.o,1
বৃষ্টিও,briʃ.ti.o,1
সাদার,ʃa.d̪ar,1
মোহময়,mo.ho.mɔʲ,1
পরিবেশকে,po.ri.beʃ.ke,1
ঢেকে,dʰe.ke,1
দুধ,d̪ud̪ʰ,1
শুভ্রতায়,ʃub.bʰro.t̪aʲ,1
মুড়ে,mu.ɽe,1
প্রান্তরের,pran.t̪ɔ.rer,1
প্রান্তর,pran.t̪ɔr,1
ফাল্গুন,pʰal.gun,1
মুষলধারায়,mu.ʃɔl.d̪ʰa.raʲ,1
বাইরেটাও,bai̯.re.ta.o,1
সংক্ষিপ্ত,ʃɔŋ.kʰip.t̪o,1
সময়ের,ʃɔ.mɔ.ʲer,1
থইথই,t̪ʰoi̯.t̪ʰoi̯,1
ভিজতে,bʰiɟ.t̪e,1
লাগাই,la.gai̯,1
বংশপরম্পরায়,bɔŋ.ʃo.pɔ.rom.pɔ.raʲ,1
বাজখাঁই,baɟ.kʰãi̯,1
গলাকে,gɔ.la.ke,1
তাছাড়া,t̪a.cʰa.ɽa,1
ঘণ্টাখানেক,gʰɔn.ta.kʰa.nek,1
তখনকার,t̪ɔ.kʰon.kar,1
বৃষ্টিপর্বের,briʃ.ti.pɔr.ber,1
ভাবলাম,bʰab.lam,1
হেঁটে,hẽ.te,1
বিশুদ্ধ,bi.ʃud̪.d̪ʰo,1
ছেলেবেলা,cʰe.le.bæ.la,1
গাছগুলোর,gacʰ.gu.lor,1
নাড়া,na.ɽa,1
একে,e.ke,1
অন্যকে,on.no.ke,1
ভিজিয়ে,bʰi.ɟi.ʲe,1
গলির,go.lir,1
অমনি,om.ni,1
পিছলে,picʰ.le,1
খেলাম,kʰe.lam,1
পেয়েছিলাম,pe.ʲe.cʰi.lam,1
কর্মীদের,kɔr.mi.d̪er,1
কয়টা,kɔʲ.ta,1
প্রাণপ্রিয়,pran.pri.ʲo,1
নেত্রী,net̪.t̪ri,1
উন্নয়নের,un.nɔ.ʲo.ner,1
টাকার,ta.kar,1
পাতিনেতারা,pa.t̪i.ne.t̪a.ra,1
ব্যয়ে,bæ.ʲe,1
হজম,hɔ.ɟom,1
উন্নয়ন,un.nɔ.ʲon,1
বাটপারে,bat.pa.re,1
দেশটা,d̪eʃ.ta,1
নানাপ্রকার,na.na.pro.kar,1
গালিগালাজ,ga.li.ga.laɟ,1
অবশেষে,ɔ.bo.ʃe.ʃe,1
দাঁড়ালাম,d̪ã.ɽa.lam,1
মচকে,moc.ke,1
ব্যথাও,bæ.t̪ʰao̯,1
এমনভাবে,æ.mon.bʰa.be,1
দুঃখে,d̪uk.kʰe,1
ফিরলাম,pʰir.lam,1
দোষ,d̪oʃ,1
সাবধানে,ʃab.d̪ʰa.ne,1
ফেলতে,pʰel.t̪e,1
দোষকে,d̪oʃ.ke,1
স্বভাব,ʃɔ.bʰab,1
ভয়ও,bʰɔʲ.o,1
রাগারাগি,ra.ga.ra.gi,1
এল,e.lo,1
খুড়িয়ে,kʰu.ɽi.ʲe,1
খুঁড়িয়ে,kʰũ.ɽi.ʲe,1
হাঁটা,hã.ta,1
ভাবা,bʰa.ba,1
লোভ,lobʰ,1
দেখালাম,d̪æ.kʰa.lam,1
ফুচকা,pʰuc.ka,1
খাওয়াব,kʰao̯.ʷa.bo,1
ব্যাপারটা,bæ.par.ta,1
মিটে,mi.te,1
বোনও,bon.o,1
বিশ্ববাটপার,biʃ.ʃo.bat.par,1
বুঝিনি,bu.ɟʰi.ni,1
পৌঁছাতেই,põu̯.cʰa.t̪ei̯,1
তুলল,t̪ul.lo,1
বারান্দাতেই,ba.ran.d̪a.t̪ei̯,1
ওকেও,o.keo̯,1
উঁচু,ũ.cu,1
ধমক,d̪ʰɔ.mok,1
থামিয়ে,t̪ʰa.mi.ʲe,1
চেঞ্জ,cenɟ,1
বসলেন,boʃ.len,1
অনুধাবন,o.nu.d̪ʰa.bon,1
রেগে,re.ge,1
সস্নেহে,ʃɔs.ne.he,1
বকা,bɔ.ka,1
দেবেন,d̪e.ben,1
মালিশ,ma.liʃ,1
লাগলেন,lag.len,1
শীতে,ʃi.t̪e,1
মাঘ,magʰ,1
এক্সিডেন্ট,e.si.dent,1
নজরে,nɔ.ɟo.re,1
দাদি,d̪a.d̪i,1
ফুফু,pʰu.pʰu,1
চাচারা,ca.ca.ra,1
আক্ষেপ,ak.kʰep,1
বলতেন,bol.t̪en,1
কলিজার,ko.li.ɟar,1
টুকরা,tuk.ra,1
পড়তেই,poɽ.t̪ei̯,1
বিশ্বাসঘাতকতা,biʃ.ʃaʃ.gʰa.t̪o.kɔ.t̪a,1
মুক্তাগাছার,muk.t̪a.ga.cʰar,1
মণ্ডা,mɔn.da,1
খাওয়ালাম,kʰao̯.ʷa.lam,1
মণ্ডাও,mɔn.dao̯,1
ঢাকায়,dʰa.kaʲ,1
শায়েস্তা,ʃaʲ.es.t̪a,1
দেখাব,d̪æ.kʰa.bo,1
দুষ্টু,d̪uʃ.tu,1
বুঝবে,buɟʰ.be,1
ধানে,d̪ʰa.ne,1
চাল,cal,1
দিব,d̪i.bo,1
নিশ্চয়,niʃ.cɔʲ,1
ধৈর্য,d̪ʰoi̯r.ɟo,1
সেসব,ʃe.ʃɔb,1
দেওয়াটা,d̪æo̯.ʷa.ta,1
নেওয়াটা,neo̯.ʷa.ta,1
বিষয়টা,bi.ʃɔʲ.ta,1
বলবেনও,bol.ben.o,1
প্রশ্নোত্তর,proʃ.not̪.t̪or,1
পর্বে,pɔr.be,1
শিক্ষাগুরু,ʃik.kʰa.gu.ru,1
আদেশ,a.d̪eʃ,1
জ্ঞানপাপী,gæ̃n.pa.pi,1
হোস,hos,1
বরবাদ্নিষেধ,bɔr.bad̪.ni.ʃed̪ʰ,1
দেখিয়েছে,d̪e.kʰi.ʲe.cʰe,1
পড়ছেন,poɽ.cʰen,1
বন্ধুকে,bon.d̪ʰu.ke,1
বলছেন,bol.cʰen,1
বেরোই,be.roi̯,1
প্রস্তাব,pros.t̪ab,1
আশঙ্কা,a.ʃɔŋ.ka,1
দেখব,d̪ekʰ.bo,1
অনুষ্ঠানের,o.nuʃ.tʰa.ner,1
উপদেশটা,u.po.d̪eʃ.ta,1
দিই,d̪ii̯,1
ভালোটা,bʰa.lo.ta,1
দেখবেন,d̪ekʰ.ben,1
উঠবেন,utʰ.ben,1
ধৈর্য্য,d̪ʰoi̯r.ɟo,1
সাল,ʃal,1
দৈনন্দিন,d̪oi̯.non.d̪in,1
বেহাল,be.hal,1
দশা,d̪ɔ.ʃa,1
আশায়,a.ʃaʲ,1
প্রশাসনের,pro.ʃa.ʃɔ.ner,1
বিদেশী,bi.d̪e.ʃi,1
আমলা,am.la,1
চেয়ারম্যান,ce.ʲar.mæn,1
ঠিকাদার,tʰi.ka.d̪ar,1
নামমাত্র,nam.mat̪.t̪ro,1
বাজেটে,ba.ɟe.te,1
প্রশাসনেরই,pro.ʃa.ʃɔ.neri,1
রথ,rɔt̪ʰ,1
দেখাও,d̪æ.kʰao̯,1
বেচাও,bæ.ca.o,1
ফলাও,pʰɔ.lao̯,1
ঘোষণা,gʰo.ʃo.na,1
ভরবে,bʰor.be,1
রমরমা,rɔ.mor.ma,1
বাগদা,bag.d̪a,1
চিংড়ি,ciŋ.ɽi,1
মাছই,macʰ.i,1
প্রোটিনের,pro.ti.ner,1
পূরণ,pu.rɔn,1
অর্থের,ɔr.t̪ʰer,1
সংস্থাপন,ʃɔ.ŋ.os.t̪ʰa.pon,1
অনটনের,ɔ.no.tɔ.ner,1
এনজিও,en.ɟi.o,1
অনিশ্চয়তায়,ɔ.niʃ.cɔʲ.o.t̪aʲ,1
তলিয়ে,t̪o.li.ʲe,1
এনজিওগুলোও,en.ɟi.o.gu.loo̯,1
চমৎকার,cɔ.mot̪.kar,1
ভূমিকা,bʰu.mi.ka,1
জুতাটা,ɟu.t̪a.ta,1
সেলাইমেশিনটা,ʃe.lai̯.me.ʃin.ta,1
বাচ্চার,bac.car,1
যাবতীয়,ɟa.bo.t̪i.ʲo,1
চড়া,cɔ.ɽa,1
সুদের,ʃu.d̪er,1
যন্ত্রণা,ɟɔn.t̪ro.na,1
সুদসহ,ʃud̪.ʃɔ.ho,1
শোধ,ʃod̪ʰ,1
পেরে,pe.re,1
ভারতে,bʰa.ro.t̪e,1
হিশাব,hi.ʃab,1
গ্রামাঞ্চলে,gra.man.co.le,1
পূর্বের,pur.ber,1
সুদখোর,ʃud̪.kʰor,1
জোতদারদের,ɟot̪.d̪ar.d̪er,1
এনজিওগুলো,en.ɟi.o.gu.lo,1
সুঁচ,ʃũc,1
ফাল,pʰal,1
ভাবে,bʰa.be,1
প্রশাসনসহ,pro.ʃa.ʃon.ʃɔ.ho,1
আখের,a.kʰer,1
গোছাতে,go.cʰa.t̪e,1
বুলি,bu.li,1
আওড়াতে,ao̯.ɽa.t̪e,1
ভাঙেনি,bʰa.ŋe.ni,1
চিন্তায়,cin.t̪aʲ,1
দুপুর,d̪u.pur,1
ভীষণ,bʰi.ʃɔn,1
বোঝার,bo.ɟʰar,1
সূর্যের,ʃur.ɟer,1
অন্ধকার,ɔn.d̪ʰo.kar,1
কূপই,kup.i,1
রোদ,rod̪,1
মেঘলা,megʰ.la,1
প্রতিটা,pro.t̪i.ta,1
হোতো,ho.t̪o,1
হইনি,hoi̯.ni,1
আচ্ছা,ac.cʰa,1
ভিজেন,bʰi.ɟen,1
লাগতে,lag.t̪e,1
দেখছি,d̪ekʰ.cʰi,1
থেমে,t̪ʰe.me,1
আহা্,a.ha,1
সিডরের,si.dɔ.rer,1
নার্গিস,nar.gis,1
আইলা,ai̯.la,1
তেরো,t̪æ.ro,1
মহাসেন,mɔ.ha.ʃen,1
কোমেন,ko.men,1
ষোলো,ʃo.lo,1
রোয়ানু,ro.ʷa.nu,1
সতেরো,ʃɔ.t̪e.ro,1
মোরা,mo.ra,1
ফণী,pʰo.ni,1
বুলবুল,bul.bul,1
একুশ,e.kuʃ,1
আম্ফান,am.pʰan,1
প্রত্যেক,prot̪.t̪ek,1
ঝড়েই,ɟʰɔ.ɽei̯,1
বঙ্গের,bɔŋ.ger,1
এলাকা,e.la.ka,1
ক্ষতিগ্রস্ত,kʰo.t̪ig.gros.t̪o,1
ঘূর্ণিঝড়ের,gʰur.ni.ɟʰɔ.ɽer,1
দরুণ,d̪o.run,1
সৃষ্ট,sriʃ.to,1
জলোচ্ছ্বাসে,ɟɔ.loc.cʰa.ʃe,1
প্লাবিত,pla.bi.t̪o,1
সুরাহা,ʃu.ra.ha,1
একদল,æk.d̪ɔl,1
দুইবেলা,d̪ui̯.bæ.la,1
খাওয়াতে,kʰao̯.ʷa.t̪e,1
আরেক,a.rek,1
সাঁতরে,ʃãt̪.re,1
মামুষের,ma.mu.ʃer,1
সেলফি,sel.pʰi,1
পরবর্তী,pɔ.ro.bor.t̪i,1
দিনগুলো,d̪in.gu.lo,1
কাটবে,kat.be,1
স্থানীয়,st̪ʰa.ni.ʲo,1
এমপির,em.pir,1
হাস্যকর,haʃ.ʃo.kɔr,1
গলাবাজি,gɔ.la.ba.ɟi,1
প্রশাসনকে,pro.ʃa.ʃon.ke,1
স্বার্থে,ʃar.t̪ʰe,1
ভরতে,bʰor.t̪e,1
অনুদানের,o.nu.d̪a.ner,1
শতাংশ,ʃɔ.t̪aŋ.ʃo,1
নির্মাণের,nir.ma.ner,1
অর্থেই,ɔr.t̪ʰei̯,1
নির্মাণ,nir.man,1
কাবিখা,ka.bi.kʰa,1
প্রকল্পের,pro.kɔl.per,1
বালির,ba.lir,1
বস্তাও,bɔs.t̪a.o,1
জোটে,ɟo.te,1
ভোলানো,bʰo.la.no,1
এমপিদের,em.pi.d̪er,1
দোড়গড়ায়,d̪oɽ.gɔ.ɽaʲ,1
টিকিটাও,ti.ki.tao̯,1
কুমিরের,ku.mi.rer,1
ছাগল,cʰa.gol,1
পুষতে,puʃ.t̪e,1
বোঝাতে,bo.ɟʰa.t̪e,1
ভয়ংকর,bʰɔʲ.oŋ.kɔr,1
ন্যায্য,næɟ.ɟo,1
নিজেরা,ni.ɟe.ra,1
সুস্থভাবে,ʃus.t̪ʰo.bʰa.be,1
আকুতি,a.ku.t̪i,1
সরকারকে,ʃɔr.kar.ke,1
গণমানুষের,gɔ.no.ma.nu.ʃer,1
দীর্ঘস্থায়ী,d̪ir.gʰɔs.t̪ʰa.ʲi,1
বাড়িই,ba.ɽi.i,1
কেনা,ke.na,1
উপলক্ষে,u.po.lok.kʰe,1
দোয়ায়,d̪o.ʷaʲ,1
মৌলবির,mou̯.lo.bir,1
আওয়াজই,ao̯.ʷaɟ.i,1
হে,he,1
সৃষ্টিকর্তা,sriʃ.ti.kɔr.t̪a,1
রেখো,re.kʰo,1
কুনজর,ku.no.ɟor,1
রক্ষা,rok.kʰa,1
কোরো,ko.ro,1
কোনে,ko.ne,1
দু,d̪u,1
ফোটা,pʰo.ta,1
জ্বলজ্বল,ɟɔl.ɟɔl,1
পাঞ্জাবির,pan.ɟa.bir,1
হাতা,ha.t̪a,1
ফেললেন,pʰel.len,1
দ্বিতীয়,d̪i.t̪i.ʲo,1
লাগিয়ে,la.gi.ʲe,1
রং,rɔŋ,1
ইস,is,1
চালাতে,ca.la.t̪e,1
পাননি,pan.ni,1
তৃতীয়,t̪ri.t̪i.ʲo,1
মিলাদ,mi.lad̪,1
প্রথমবারের,pro.t̪ʰom.ba.rer,1
রক্ষ,rok.kʰo,1
চাচাদের,ca.ca.d̪er,1
বলেনি,bɔ.le.ni,1
ভাড়াটিয়া,bʰa.ɽa.ti.ʲa,1
চাচাকে,ca.ca.ke,1
খেপিয়ে,kʰe.pi.ʲe,1
বিদায়,bi.d̪aʲ,1
শখ,ʃɔkʰ,1
নড়েনও,nɔ.ɽen.o,1
বাড়ে,ba.ɽe,1
উপলব্ধি,u.po.lob.d̪ʰi,1
কিনেননি,ki.nen.ni,1
হাতি,ha.t̪i,1
পড়েন,pɔ.ɽen,1
দেখিয়ে,d̪e.kʰi.ʲe,1
দুঃস্বপ্ন,d̪uʃ.ʃɔp.no,1
দেখেন,d̪æ.kʰen,1
তিনবার,t̪in.bar,1
পরিবর্তন,po.ri.bɔr.t̪on,1
যাকে,ɟa.ke,1
সাক্ষাৎকারটা,ʃak.kʰat̪.kar.ta,1
কয়দিন,kɔʲ.d̪in,1
আগেরটা,a.ger.ta,1
ছাড়বেন,cʰaɽ.ben,1
চালাতেন,ca.la.t̪en,1
মোবাইলের,mo.bai̯.ler,1
নাম্বারটা,nam.bar.ta,1
স্বরে,ʃɔ.re,1
জানাল,ɟa.na.lo,1
ক্যান্টিনে,kæn.ti.ne,1
ঝুম,ɟʰum,1
বাড়ালাম,ba.ɽa.lam,1
শার্টের,ʃar.ter,1
ধরলাম,d̪ʰor.lam,1
ভুনা,bʰu.na,1
সালোয়ার,sa.lo.ʷar,1
কামিজে,ka.mi.ɟe,1
অপূর্ব,ɔ.pur.bo,1
চেয়ার,ce.ʲar,1
কফি,kɔ.pʰi,1
অর্ডার,ɔr.dar,1
মুখোমুখি,mu.kʰo.mu.kʰi,1
ভণিতা,bʰo.ni.t̪a,1
ভদ্রতার,bʰɔd̪.d̪ro.t̪ar,1
খাতিরে,kʰa.t̪i.re,1
অনাথ,ɔ.nat̪ʰ,1
আশ্রমে,as.sro.me,1
অনুদানে,o.nu.d̪a.ne,1
মেডিকেলের,me.di.ke.ler,1
ছাত্রী,cʰat̪.t̪ri,1
দাঁড়াল,d̪ã.ɽa.lo,1
উদ্যত,ud̪.d̪ɔ.t̪o,1
চিঠিটাও,ci.tʰi.tao̯,1
আসো,a.ʃo,1
আজকাল,aɟ.kal,1
বসলে,boʃ.le,1
লুচি,lu.ci,1
দেব,d̪eb,1
বলতাম,bol.t̪am,1
করলো,kor.lo,1
বনে,bo.ne,1
ভয়ঙ্কর,bʰɔʲ.oŋ.kɔr,1
প্রাণীর,pra.nir,1
বাঘ,bagʰ,1
সিংহ,ʃiŋ.ho,1
কোনোকিছুকে,ko.no.ki.cʰu.ke,1
ধরল,d̪ʰor.lo,1
ফুলবনেৃৃগান,pʰul.bo.neri.gan,1
পাচ্ছিস,pac.cʰiʃ,1
সোমবার,ʃom.bar,1
লান্স,lans,1
পেয়িং,pe.ʲiŋ,1
গেস্ট,gest,1
ডাকি,da.ki,1
মাঝেই,ma.ɟʰei̯,1
সবজিসহ,ʃob.ɟi.ʃɔ.ho,1
বদঅভ্যাস,bɔd̪o.ob.bʰaʃ,1
রংপুরের,rɔŋ.pu.rer,1
খাই,kʰai̯,1
শনিবার,ʃo.ni.bar,1
হতাশই,hɔ.t̪aʃ.i,1
রবিবার,ro.bi.bar,1
স্বয়ং,ʃɔ.ʲoŋ,1
সিটি,si.ti,1
রবিবারে,ro.bi.ba.re,1
সময়মতো,ʃɔ.mɔʲ.mo.t̪o,1
এতটাই,æ.t̪o.tai̯,1
জ্যাম,ɟæm,1
আছেই,a.cʰei̯,1
সিচুয়েশন,si.cu.ʲe.ʃon,1
মাস্টারকে,mas.tar.ke,1
জিঙ্গাসা,ɟiŋ.ga.ʃa,1
বসেছেন,bo.ʃe.cʰen,1
জানাবেন,ɟa.na.ben,1
বিরক্তই,bi.rɔk.t̪oi̯,1
এতগুলো,æ.t̪o.gu.lo,1
আয়েশ,aʲ.eʃ,1
অঞ্চলের,ɔn.co.ler,1
মাননীয়,ma.no.ni.ʲo,1
মহোদয়,mɔ.ho.d̪ɔʲ,1
জনসভায়,ɟɔ.no.ʃɔ.bʰaʲ,1
পার্সোনাল,par.so.nal,1
সেক্রেটারির,sek.re.ta.rir,1
নির্দেশে,nir.d̪e.ʃe,1
যতক্ষণ,ɟɔ.t̪ok.kʰon,1
থাকবেন,t̪ʰak.ben,1
ততক্ষণ,t̪ɔ.t̪ok.kʰɔn,1
পরিবহন,po.ri.bɔ.hon,1
স্তম্ভিত,st̪om.bʰi.t̪o,1
যানবাহনও,ɟan.ba.hon.o,1
রক্ত,rɔk.t̪o,1
স্পেশালভাবে,spe.ʃal.bʰa.be,1
রাস্তাঘাট,ras.t̪a.gʰat,1
করারই,kɔ.rar.i,1
দরকার,d̪ɔr.kar,1
হলেই,ho.lei̯,1
ভোগান্তি,bʰo.gan.t̪i,1
বাড়ানো,ba.ɽa.no,1
চুপচাপ,cup.cap,1
যাওয়াটা,ɟao̯.ʷa.ta,1
ক্যান্সেল,kæn.sel,1
ভাবছিলাম,bʰab.cʰi.lam,1
নয়টায়,nɔʲ.taʲ,1
নেবেন,ne.ben,1
সময়নিষ্ঠ,ʃo.mɔʲ.niʃ.tʰo,1
জাস্ট,ɟast,1
টাইমে,tai̯.me,1
স্টুডেন্টদের,stu.dent.d̪er,1
ঢুকতে,dʰuk.t̪e,1
ধরনও,d̪ʰɔ.ron.o,1
সিলেবাসের,si.le.ba.ser,1
তোয়াক্কা,t̪o.ʷak.ka,1
সিলেবাস,si.le.bas,1
ধরেও,d̪ʰo.reo̯,1
পড়ান,pɔ.ɽan,1
অনুধাবনমূলক,o.nu.d̪ʰa.bon.mu.lok,1
ব্যাথা,bæ.t̪ʰa,1
সিআরকে,si.ar.ke,1
জানালাম,ɟa.na.lam,1
সিআর,si.ar,1
জানালো,ɟa.na.lo,1
ম্যানেজ,mæ.neɟ,1
কাজগুলো,kaɟ.gu.lo,1
অবিরাম,ɔ.bi.ram,1
সাইকেলের,sai̯.ke.ler,1
চল্লিশ,col.liʃ,1
স্টেশনের,ste.ʃɔ.ner,1
কোলাহল,ko.la.hɔl,1
যাত্রী,ɟat̪.t̪ri,1
কুলি,ku.li,1
হকারদের,hɔ.kar.d̪er,1
চিৎকারে,cit̪.ka.re,1
গমগম,gɔm.gɔm,1
সুনশান,ʃun.ʃan,1
নীরবতা,ni.rɔ.bɔ.t̪a,1
চেকিং,ce.kiŋ,1
এগোতেই,e.go.t̪ei̯,1
ডেউ,deu̯,1
খেলানো,kʰæ.la.no,1
কাশবনের,kaʃ.bɔ.ner,1
নজরকাড়া,nɔ.ɟor.ka.ɽa,1
মাথার,ma.t̪ʰar,1
আকাশের,a.ka.ʃer,1
অসীমতা,ɔ.ʃi.mɔ.t̪a,1
নিরন্তর,ni.rɔn.t̪ɔr,1
মিলিয়ে,mi.li.ʲe,1
স্বর্গীয়,ʃor.gi.ʲo,1
আবহ,a.bo.ho,1
মুহূর্তের,mu.hur.t̪er,1
আজীবনকাল,a.ɟi.bɔn.kal,1
সেখানেই,ʃe.kʰa.nei̯,1
মনপুরা,mon.pu.ra,1
সিনেমার,si.ne.mar,1
নায়ক,naʲ.ok,1
সোনাইয়ের,ʃo.nai̯.ʲer,1
প্রকৃতির,pro.kri.t̪ir,1
হিলিং,hi.liŋ,1
শক্তিশালী,ʃok.t̪i.ʃa.li,1
আবারও,a.bar.o,1
দাঁড়াতেই,d̪ã.ɽa.t̪ei̯,1
হাওয়ায়,hao̯.ʷaʲ,1
পদ্মাকে,pɔd̪.d̪ã.ke,1
ছুঁয়েছে,cʰũ.ʲe.cʰe,1
নৌকাটা,nou̯.ka.ta,1
বিশালতা,bi.ʃa.lɔ.t̪a,1
সংকীর্ণতাকে,ʃɔŋ.kir.no.t̪a.ke,1
ভোর,bʰor,1
সাড়ে,ʃa.ɽe,1
পাঁচটায়,pãc.taʲ,1
দিদির,d̪i.d̪ir,1
জড়ানো,ɟɔ.ɽa.no,1
মশারির,mɔ.ʃa.rir,1
সিঁথিতে,ʃĩ.t̪ʰi.t̪e,1
মোটা,mo.ta,1
টিপ,tip,1
ভেজা,bʰe.ɟa,1
চুলগুলো,cul.gu.lo,1
কাঁধের,kã.d̪ʰer,1
পার্বতীর,par.bo.t̪ir,1
মতোই,mɔ.t̪oi̯,1
লাগছিল,lag.cʰi.lo,1
দিদিকে,d̪i.d̪i.ke,1
পিতৃপক্ষের,pit̪.t̪ri.pok.kʰer,1
দেবীপক্ষের,d̪e.bi.pok.kʰer,1
শুরুর,ʃu.rur,1
সকালেই,ʃɔ.ka.lei̯,1
মিস,mis,1
মরি,mo.ri,1
দৌড়াতে,d̪ou̯.ɽa.t̪e,1
অতএব,ɔ.t̪o.eb,1
ওঠা,o.tʰa,1
তাহলো,t̪a.ho.lo,1
দায়িত্বও,d̪a.ʲit̪.t̪o.o,1
তর্পণের,t̪ɔr.po.ner,1
আনা,a.na,1
খোলাগুলো,kʰo.la.gu.lo,1
মাপমতো,map.mɔ.t̪o,1
রাখি,ra.kʰi,1
তাড়াহুড়ো,t̪a.ɽa.hu.ɽo,1
স্নান,snan,1
সেরে,ʃe.re,1
পূর্বপুরুষদের,pur.bo.pu.ruʃ.d̪er,1
আত্মার,at̪.t̪ãr,1
শান্তির,ʃan.t̪ir,1
তর্পণ,t̪ɔr.pon,1
ছেলেদেরই,cʰe.le.d̪er.i,1
ছেলেরাই,cʰe.le.rai̯,1
বংশরর,bɔŋ.ʃo.r,1
স্বীকৃতি,ʃik.kri.t̪i,1
এক্ষেত্রে,e.kʰet̪.t̪re,1
বঞ্চিত,bon.ci.t̪o,1
পরিবারে,po.ri.ba.re,1
মানাতে,ma.na.t̪e,1
যান্ত্রিক,ɟan.t̪rik,1
অভ্যস্ত,ob.bʰos.t̪o,1
অনুভূতিগুলোও,o.nu.bʰu.t̪i.gu.loo̯,1
স্বার্থকেন্দ্রিক,ʃar.t̪ʰo.ken.d̪rik,1
নিরামিষ,ni.ra.miʃ,1
মাস্টার্স,mas.tars,1
গৃহিণী,gri.hi.ni,1
পঁয়ত্রিশ,pɔ̃ʲ.ot̪.t̪riʃ,1
রিলাক্সেশনের,ri.lak.se.ʃɔ.ner,1
ডিভানে,di.bʰa.ne,1
শরীরটা,ʃo.rir.ta,1
ভেবেছিলাম,bʰe.be.cʰi.lam,1
ম্যাসেঞ্জারে,mæ.sen.ɟa.re,1
ম্যাসেজের,mæ.se.ɟer,1
নোটিফিকেশন,no.ti.pʰi.ke.ʃɔn,1
অজান্তেই,ɔ.ɟan.t̪ei̯,1
ঠোঁটে,tʰõ.te,1
বিদ্রুপের,bid̪.ru.per,1
মহালয়াতেও,mɔ.ha.lɔ.ʲa.t̪eo̯,1
বাঙালিদের,ba.ŋa.li.d̪er,1
ফেব্রুয়ারিতে,pʰeb.bru.ʷa.ri.t̪e,1
বারোটা,ba.ro.ta,1
পরিচিতদেরকে,po.ri.ci.t̪o.d̪er.ke,1
লেখা,le.kʰa,1
ম্যাসেজ,mæ.seɟ,1
পাঠাতে,pa.tʰa.t̪e,1
বিষয়ই,bi.ʃɔʲ.i,1
যাহোক,ɟa.hok,1
হিন্দু,hin.d̪u,1
মুসলিম,mus.lim,1
স্টোরি,sto.ri,1
হিন্দুরা,hin.d̪u.ra,1
স্কেল,skel,1
দূর্গার,d̪ur.gar,1
আলতা,al.t̪a,1
পরা,pɔ.ra,1
দেবীরূপের,d̪e.bi.ru.per,1
বয়ানবাজি,bɔʲ.an.ba.ɟi,1
ব্যথায়,bæ.t̪ʰaʲ,1
দূর্গা,d̪ur.ga,1
পূজার,pu.ɟar,1
জেনেই,ɟe.nei̯,1
ভাসানো,bʰa.ʃa.no,1
ছাব্বিশশে,cʰab.biʃ.ʃe,1
মার্চ,marc,1
ষোলোই,ʃo.loi̯,1
ডিসেম্বর,di.sem.bɔr,1
পনেরোই,po.ne.roi̯,1
আগস্ট,a.gost,1
শুদ্ধভাবে,ʃud̪.d̪ʰo.bʰa.be,1
জীবনানন্দ,ɟi.bo.na.non.d̪o,1
বিভূতিভূষণ,bi.bʰu.t̪i.bʰu.ʃon,1
তারাশংকর,t̪a.ra.ʃɔŋ.kor,1
বিষ্ণু,biʃ.nu,1
দে,d̪e,1
জসীমউদ্দীন,ɟo.ʃim.ud̪.d̪in,1
সেলিম,se.lim,1
আল,al,1
দীন,d̪in,1
হুমায়ুন,hu.ma.ʲun,1
আজাদ,a.ɟad̪,1
প্রমূখকে,pro.mu.kʰo.ke,1
শেখায়,ʃe.kʰaʲ,1
টিকটক,tik.tɔk,1
ইনস্টাগ্রামে,ins.ta.gra.me,1
ইতরামি,it̪.ra.mi,1
করতেও,kor.t̪e.o,1
দ্বিধাবোধ,d̪i.d̪ʰa.bod̪ʰ,1
চালালে,ca.la.le,1
এমনই,æ.mon.i,1
চালানো,ca.la.no,1
বলদের,bɔl.d̪er,1
ভাসানোর,bʰa.ʃa.nor,1
পক্ষপাতি,pɔk.kʰo.pa.t̪i,1
বন্ধুদের,bon.d̪ʰu.d̪er,1
প্রোফাইল,pro.pʰai̯l,1
যেকেউ,ɟe.keu̯,1
প্রতিনিয়ত,pro.t̪i.ni.ʲo.t̪o,1
করিনি,ko.ri.ni,1
হেসেছিলাম,he.ʃe.cʰi.lam,1
বিশিষ্ট,bi.ʃiʃ.to,1
ব্যক্তিত্ব,bek.t̪it̪.t̪o,1
বহুলও,bo.hul.o,1
ঘটবে,gʰot.be,1
স্টুপিডিটি,stu.pi.di.ti,1
অনুভূতিগুলো,o.nu.bʰu.t̪i.gu.lo,1
ট্রেনের,tre.ner,1
টিকিট,ti.kit,1
কাছেই,ka.cʰei̯,1
দেখো,d̪e.kʰo,1
ধুর,d̪ʰur,1
ছাই,cʰai̯,1
একসময়,æk.ʃo.mɔʲ,1
এরাই,e.rai̯,1
টেস্ট,test,1
সালে,ʃa.le,1
এদেরকে,e.d̪er.ke,1
করেছি,ko.re.cʰi,1
নিব,ni.bo,1
বিশ্বকাপ,biʃ.ʃo.kap,1
ছিলে,cʰi.le,1
তাতেই,t̪a.t̪ei̯,1
মাত্রই,mat̪.t̪roi̯,1
এলে,e.le,1
করছো,kor.cʰo,1
ভীড়,bʰiɽ,1
ট্রেনে,tre.ne,1
উঠব,utʰ.bo,1
এতবার,æ.t̪o.bar,1
পাচ্ছ,pac.cʰo,1
বহুবার,bo.hu.bar,1
শুনব,ʃun.bo,1
ফ্ল্যাটে,pʰlæ.te,1
ওঠার,o.tʰar,1
আনন্দে,a.non.d̪e,1
পারছে,par.cʰe,1
মরা,mɔ.ra,1
মেয়েটার,me.ʲe.tar,1
হার্ট,hart,1
অ্যাটাক,æ.tak,1
বাঁচিয়ে,bã.ci.ʲe,1
প্রকৃষ্ঠ,pro.kriʃ.tʰo,1
উপকূলবাসী,u.po.kul.ba.ʃi,1
মানুষগুলো,ma.nuʃ.gu.lo,1
উপকূলীয়,u.po.ku.li.ʲo,1
ভোলার,bʰo.lar,1
বাসিন্দা,ba.ʃin.d̪a,1
এইট,ei̯t,1
অবধি,ɔ.bo.d̪ʰi,1
পড়ার,pɔ.ɽar,1
সু্যোগ,ʃuog,1
পারত,par.t̪o,1
জীবিকার,ɟi.bi.kar,1
টানে,ta.ne,1
যেকোনো,ɟe.ko.no,1
সৈকতে,ʃoi̯.kɔ.t̪e,1
মানুষকেও,ma.nuʃ.ke.o,1
শঙ্কিত,ʃoŋ.ki.t̪o,1
নৌকায়,nou̯.kaʲ,1
ঘাঁটি,gʰã.ti,1
গাড়ে,ga.ɽe,1
গভীর,go.bʰir,1
মোকাবিলা,mo.ka.bi.la,1
ঝড়,ɟʰɔɽ,1
জলোচ্ছ্বাস,ɟɔ.loc.cʰaʃ,1
সুনামি,su.na.mi,1
টর্নেডোর,tɔr.ne.dor,1
দুর্যোগের,d̪ur.ɟo.ger,1
প্রতিবছর,pro.t̪i.bɔ.cʰor,1
অসংখ্য,ɔ.ʃɔŋ.kʰo,1
জেলের,ɟe.ler,1
খ্যাতনামা,kʰæ.t̪o.na.ma,1
পত্রিকার,pot̪.t̪ri.kar,1
ফ্রন্ট,pʰrɔnt,1
পেইজে,pei̯.ɟe,1
লেখালেখিও,le.kʰa.le.kʰi.o,1
রয়ে,ro.ʲe,1
গুনতির,gu.no.t̪ir,1
নিরপেক্ষভাবে,ni.ro.pek.kʰo.bʰa.be,1
দুর্দশার,d̪ur.d̪ɔ.ʃar,1
প্রশাসনই,pro.ʃa.ʃon.i,1
দায়ী,d̪a.ʲi,1
শিক্ষার,ʃik.kʰar,1
প্রসার,pro.ʃar,1
ঘটানোর,gʰɔ.ta.nor,1
উদ্যোগ,ud̪.d̪og,1
প্রস্তাবনা,pros.t̪a.bo.na,1
এমনকি,æ.mon.ki,1
উপকূলবাসীর,u.po.kul.ba.ʃir,1
পুনর্বাসন,pu.norb.ba.ʃon,1
প্রকল্প,pro.kɔl.po,1
হিশেবে,hi.ʃe.be,1
পাকাবাড়ি,pa.ka.ba.ri,1
একমাসের,æk.ma.ʃer,1
সুবিধাবঞ্চিত,ʃu.bi.d̪ʰa.bon.ci.t̪o,1
দেশকে,d̪eʃ.ke,1
গল্পেই,gɔl.pei̯,1
ছেলেটার,cʰe.le.tar,1
পড়াশোনা,pɔ.ɽa.ʃo.na,1
প্রবল,pro.bɔl,1
ক্ষুধার,kʰu.d̪ʰar,1
তাড়ণা,t̪a.ɽo.na,1
বিমুখ,bi.mukʰ,1
পিতার,pi.t̪ar,1
সলিল,ʃo.lil,1
সমাধির,ʃɔ.ma.d̪ʰir,1
কৈশোর,koi̯.ʃor,1
শব্দটি,ʃɔb.d̪o.ti,1
বোন,bon,1
প্যারালাইসড,pæ.ra.lai̯sd,1
সমুদ্রেই,ʃo.mud̪.d̪rei̯,1
বাজি,ba.ɟi,1
চালানোয়,ca.la.noʲ,1
চৌকশ,cou̯.kɔʃ,1
ঢেউকে,dʰeu̯.ke,1
দুশ্চিন্তা,d̪uʃ.cin.t̪a,1
সেও,ʃe.o,1
অতলে,ɔ.t̪ɔ.le,1
উত্তরে,ut̪.t̪o.re,1
প্রথমদিকে,pro.t̪ʰom.d̪i.ke,1
বাইতে,bai̯.t̪e,1
পড়ত,poɽ.t̪o,1
তারও,t̪ar.o,1
কাঁদে,kã.d̪e,1
বয়সের,bɔʲ.o.ʃer,1
মানসিকতায়,ma.no.ʃi.kɔ.t̪aʲ,1
গিয়েছে,gi.ʲe.cʰe,1
বাস্তবতার,bas.t̪o.bɔ.t̪ar,1
কষাঘাতে,kɔ.ʃa.gʰa.t̪e,1
নিষ্পেষিত,niʃ.pe.ʃi.t̪o,1
অন্ধের,ɔn.d̪ʰer,1
যষ্ঠি,ɟoʃ.tʰi,1
ফেলবার,pʰel.bar,1
জ্যাকেটের,ɟæ.ke.ter,1
খরচ,kʰɔ.roc,1
করাকে,kɔ.ra.ke,1
মহাজন,mɔ.ha.ɟɔn,1
অপচয়,ɔ.po.cɔʲ,1
পরিণতিও,po.ri.no.t̪i.o,1
জ্যাকেট,ɟæ.ket,1
চেনেও,ce.neo̯,1
চিনতও,cin.t̪o,1
তবু,t̪o.bu,1
ক্রয়ক্ষমতা,krɔʲ.kʰɔ.mo.t̪a,1
বেলার,bæ.lar,1
অভিজ্ঞতাকে,o.bʰig.gɔ̃.t̪a.ke,1
বাচ্চাদের,bac.ca.d̪er,1
সাঁতার,ʃã.t̪ar,1
শেখানোর,ʃe.kʰa.nor,1
মুরব্বিরা,mu.rob.bi.ra,1
শুকনা,ʃuk.na,1
ওজনে,o.ɟo.ne,1
চারটা,car.ta,1
পরিমাণ,po.ri.man,1
ছোবা,cʰo.ba,1
মাঝবরাবর,maɟʰ.bɔ.ra.bɔr,1
বাচ্চাটাকে,bac.ca.ta.ke,1
চিৎ,cit̪,1
শুইয়ে,ʃui̯.ʲe,1
দিত,d̪i.t̪o,1
বাচ্চাটার,bac.ca.tar,1
ডুবে,du.be,1
অনেকবার,ɔ.nek.bar,1
সাঁতারের,ʃã.t̪a.rer,1
ভেলা,bʰæ.la,1
বানিয়ে,ba.ni.ʲe,1
বেড়ানো,bæ.ɽa.no,1
প্রথমেই,pro.t̪ʰo.mei̯,1
মেরামত,me.ra.mɔt̪,1
নৌকাটাকে,nou̯.ka.ta.ke,1
চওড়া,cɔo̯.ɽa,1
পাটাতনের,pa.ta.t̪ɔ.ner,1
জোড়া,ɟo.ɽa,1
গিট,git,1
কলাগাছ,kɔ.la.gacʰ,1
গাংচিলের,gaŋ.ci.ler,1
ওড়া,o.ɽa,1
আবওহাওয়ার,ab.o.ha.oʷar,1
পূর্বাভাস,pur.ba.bʰaʃ,1
জানার,ɟa.nar,1
অভিজ্ঞতাও,o.bʰig.gɔ̃.t̪ao̯,1
অর্জন,ɔr.ɟon,1
প্রতিবারের,pro.t̪i.ba.rer,1
সেদিনও,ʃe.d̪in.o,1
জাল,ɟal,1
ধরার,d̪ʰɔ.rar,1
ট্রলার,trɔ.lar,1
বাঁধা,bã.d̪ʰa,1
পঁচিশখানা,põ.ciʃ.kʰa.na,1
যেগুলো,ɟe.gu.lo,1
দুটি,d̪u.ti,1
দূরত্ব,d̪u.rɔt̪.t̪o,1
চলত,col.t̪o,1
আবওহাওয়া,ab.o.ha.o.ʷa,1
অনুকূলেই,o.nu.ku.lei̯,1
পেরিয়ে,pe.ri.ʲe,1
অন্যদিনের,on.no.d̪i.ner,1
বাতাসও,ba.t̪a.ʃo,1
কিছুদূর,ki.cʰu.d̪ur,1
গাংচিল,gaŋ.cil,1
তারস্বরে,t̪a.roʃ.ʃɔ.re,1
উড়ে,u.ɽe,1
আসন্ন,a.ʃon.no,1
আশংকায়,a.ʃɔŋ.kaʲ,1
এগোতে,e.go.t̪e,1
দক্ষতার,d̪ok.kʰo.t̪ar,1
জানত,ɟan.t̪o,1
কথামতো,kɔ.t̪ʰa.mɔ.t̪o,1
বাতাসের,ba.t̪a.ʃer,1
তীব্রতা,t̪ib.bro.t̪a,1
বাড়তে,baɽ.t̪e,1
উঠছে,utʰ.cʰe,1
কূলের,ku.ler,1
পৌঁছানোর,põu̯.cʰa.nor,1
দমকা,d̪ɔm.ka,1
ঢেউয়ের,dʰeu̯.ʲer,1
প্রচণ্ডতা,pro.cɔn.do.t̪a,1
কাছেও,ka.cʰeo̯,1
সম্বলগুলো,ʃɔm.bol.gu.lo,1
নির্দেশমতো,nir.d̪eʃ.mɔ.t̪o,1
গামছা,gam.cʰa,1
কিছুক্ষণের,ki.cʰuk.kʰo.ner,1
প্রচণ্ড,pro.cɔn.do,1
কবলে,kɔ.bo.le,1
পরামর্শমতো,pɔ.ra.mɔr.ʃo.mɔ.t̪o,1
গেলেও,ge.le.o,1
দড়ি,d̪o.ɽi,1
ছাড়ল,cʰaɽ.lo,1
উপকরণগুলো,u.po.kɔ.ron.gu.lo,1
উপকূলবাসীরা,u.po.kul.ba.ʃi.ra,1
সমুদ্রকে,ʃo.mud̪.d̪ro.ke,1
মাতৃরূপে,mat̪.t̪ri.ru.pe,1
মৃত্যুর,mrit̪.t̪ur,1
বিশ্বাসই,biʃ.ʃaʃ.i,1
জুগিয়েছিল,ɟu.gi.e.cʰi.lo,1
দুর্যোগ,d̪ur.ɟog,1
কবলিত,kɔ.bo.li.t̪o,1
বিশ্বাসের,biʃ.ʃa.ʃer,1
ধরেছিল,d̪ʰo.re.cʰi.lo,1
সাহসী,ʃa.ho.ʃi,1
উদ্ধার,ud̪.d̪ʰar,1
দুইটা,d̪ui̯.ta,1
কর্কশিটের,kɔr.ko.ʃi.ter,1
উল্টে,ul.te,1
নিখোঁজ,ni.kʰõɟ,1
উদ্ধারের,ud̪.d̪ʰa.rer,1
রাতারাতি,ra.t̪a.ra.t̪i,1
পার্টি,part.ti,1
অফিস,ɔ.pʰis,1
সংবর্ধনা,ʃɔŋ.bɔr.d̪ʰo.na,1
বাঁচতে,bãc.t̪e,1
আশ্রয়ের,as.srɔʲ.er,1
সংবাদপত্রে,ʃɔŋ.bad̪.pɔt̪.t̪re,1
মিডিয়ায়,mi.di.ʲaʲ,1
সুপারহিরো,su.par.hi.ro,1
দুমুঠো,d̪u.mu.tʰo,1
আশ্রয়ে,as.srɔʲ.e,1
কিশোরকে,ki.ʃor.ke,1
মৌলিক,mou̯.lik,1
করণীয়,kɔ.ro.ni.ʲo,1
অপারগ,ɔ.pa.rɔg,1
ঈদে,i.d̪e,1
মারহাবা,mar.ha.ba,1
সংবাদ,ʃɔŋ.bad̪,1
কাটুক,ka.tuk,1
কামনায়,ka.mo.naʲ,1
অগ্রীম,og.grim,1
মোবারক,mo.ba.rɔk,1
আহ,ah,1
কৃতজ্ঞ,kri.t̪ɔg.gõ,1
প্রত্যেককে,prot̪.t̪ek.ke,1
ধন্যবাদ,d̪ʰon.no.bad̪,1
গুণবতী,gu.no.bo.t̪i,1
রূপবতী,ru.po.bo.t̪i,1
বাড়িতেও,ba.ɽi.t̪eo̯,1
ধর্মীয়,d̪ʰor.mi.ʲo,1
দান,d̪an,1
চিত্রাঙ্কন,cit̪.t̪raŋ.kon,1
ত্রুটি,t̪ru.ti,1
রাখেননি,ra.kʰen.ni,1
সর্বোচ্চ,ʃɔr.boc.co,1
প্রতিষ্ঠানে,pro.t̪iʃ.tʰa.ne,1
বিশ্ববিদ্যালয়ে,biʃ.ʃo.bid̪.d̪a.lɔʲ.e,1
স্নাতকোত্তর,sna.t̪o.kot̪.t̪or,1
চলাকালীন,cɔ.la.ka.lin,1
মোবাইলে,mo.bai̯.le,1
শুক্রবারে,ʃuk.kro.ba.re,1
মেয়ের,me.ʲer,1
ম্যাজিস্ট্রেট,mæ.ɟis.tret,1
গ্রাম,gram,1
উপজেলা,u.po.ɟe.la,1
ইতস্তত,i.t̪ɔs.t̪ɔ.t̪o,1
ইচ্ছার,ic.cʰar,1
বিবেচনা,bi.be.cɔ.na,1
বিয়েতে,bi.ʲe.t̪e,1
রাজি,ra.ɟi,1
ব্যতীত,bæ.t̪i.t̪o,1
কানাঘুষা,ka.na.gʰu.ʃa,1
হবু,ho.bu,1
স্বভাবের,ʃɔ.bʰa.ber,1
বৌয়ের,bou̯.er,1
দেখেছিল,d̪e.kʰe.cʰi.lo,1
জায়ের,ɟa.ʲer,1
বন্ধুত্ব,bon.d̪ʰut̪.t̪o,1
ভাবীই,bʰa.bii̯,1
ভাবী,bʰa.bi,1
হেসে,he.ʃe,1
মায়েদের,ma.ʲe.d̪er,1
সংসারে,ʃɔŋ.ʃa.re,1
শৃঙ্খলা,sriŋ.kʰɔ.la,1
উচ্চশিক্ষিত,uc.co.ʃik.kʰi.t̪o,1
হাজির,ha.ɟir,1
থমথমে,t̪ʰɔm.t̪ʰo.me,1
যেও,ɟe.o,1
বসো,bɔ.ʃo,1
একটানা,æk.ta.na,1
উল,ul,1
বুনছেন,bun.cʰen,1
তোলেননি,t̪o.len.ni,1
পেলো,pe.lo,1
বুঝলেন,buɟʰ.len,1
যাচ্ছিলেন,ɟac.cʰi.len,1
বসার,bɔ.ʃar,1
বউমা,bou̯.ma,1
আছো,a.cʰo,1
অসুবিধা,ɔ.ʃu.bi.dʰa,1
সলজ্জ,ʃɔ.lɔɟ.ɟo,1
জবাব,ɟɔ.bab,1
বৌমার,bou̯.mar,1
বলব,bol.bo,1
লেখাপড়ার,le.kʰa.pɔ.ɽar,1
চাইলেন,cai̯.len,1
আনুষ্ঠানিকতা,a.nuʃ.tʰa.ni.kɔ.t̪a,1
নিয়মকানুন,ni.ʲom.ka.nun,1
পাঁচটা,pãc.ta,1
আনিয়েছি,a.ni.ʲe.cʰi,1
ওগুলো,o.gu.lo,1
রোপন,ro.pon,1
চারাটা,ca.ra.ta,1
নিম,nim,1
মেহগনি,me.ho.go.ni,1
আম,am,1
পূর্বপাশে,pur.bo.pa.ʃe,1
সেগুন,ʃe.gun,1
পশ্চিম,poʃ.cim,1
সম্মতিসূচক,ʃɔm.mo.t̪i.ʃu.cɔk,1
ঘাড়,gʰaɽ,1
নেড়ে,ne.ɽe,1
মর্যাদা,mɔrɟ.ɟa.d̪a,1
লোকেদের,lo.ke.d̪er,1
তোমারও,t̪o.mar.o,1
বলেছিলাম,bo.le.cʰi.lam,1
উপহার,u.po.har,1
সামর্থ্য,ʃa.mor.t̪ʰo,1
অনুযায়ী,o.nu.ɟa.ʲi,1
বৌকে,bou̯.ke,1
সাজিয়ে,ʃa.ɟi.ʲe,1
বেয়াই,be.ʲai̯,1
সাহেব,ʃa.heb,1
শোনেননি,ʃo.nen.ni,1
এসো,e.ʃo,1
ব্যাংকে,bæŋ.ke,1
লকার,lɔ.kar,1
দিও,d̪i.ʲo,1
মানবে,man.be,1
শোনে,ʃo.ne,1
প্রশ্রয়,pros.rɔʲ,1
অভিনেত্রীর,o.bʰi.net̪.t̪rir,1
বয়সে,bɔʲ.o.ʃe,1
রহস্যজনক,rɔ.hoʃ.ʃo.ɟɔ.nok,1
মরণের,mɔ.ro.ner,1
পদধ্বনি,pɔ.d̪o.d̪ʰo.ni,1
জীবনপ্রান্তে,ɟi.bɔn.pran.t̪e,1
আহা,a.ha,1
শুনেই,ʃu.nei̯,1
ক্রিকেটার,kri.ke.tar,1
ক্রিকেটে,kri.ke.te,1
পেন্ডামিকে,pen.da.mi.ke,1
অনেকের,ɔ.ne.ker,1
আমদের,am.d̪er,1
জাঁকজমক,ɟãk.ɟɔ.mok,1
মেকানিকাল,me.ka.ni.kal,1
ইঞ্জিনিয়ারিং,in.ɟi.ni.ʲa.riŋ,1
টেলিকম,te.li.kɔm,1
কোম্পানিতে,kom.pa.ni.t̪e,1
বেতনের,be.t̪o.ner,1
করতাম,kor.t̪am,1
দিকটায়,d̪ik.taʲ,1
পড়লেও,poɽ.leo̯,1
পেন্ডামিকের,pen.da.mi.ker,1
পাওয়াও,pao̯.ʷa.o,1
খামার,kʰa.mar,1
তখনো,t̪ɔ.kʰo.no,1
ভাবিনি,bʰa.bi.ni,1
পরিস্থিতি,po.ris.t̪ʰi.t̪i,1
ধারণ,d̪ʰa.ron,1
গ্রামসহ,gram.ʃɔ.ho,1
কড়া,kɔ.ɽa,1
লকডাউন,lɔk.dau̯n,1
হাসপাতাল,haʃ.pa.t̪al,1
ফার্মেসি,pʰar.me.si,1
মুদির,mu.d̪ir,1
দোকান,d̪o.kan,1
দূরত্বে,d̪u.rɔt̪.t̪e,1
লাইনে,lai̯.ne,1
গবাদি,gɔ.ba.d̪i,1
পশু,po.ʃu,1
কিছুরই,ki.cʰur.i,1
পরিস্থিতিতে,po.ris.t̪ʰi.t̪i.t̪e,1
ক্রেতার,kre.t̪ar,1
স্বল্পতা,ʃɔl.po.t̪a,1
সফল,ʃɔ.pʰɔl,1
চাষি,ca.ʃi,1
বর্তমানে,bɔr.t̪o.ma.ne,1
একেবারেই,æ.ke.ba.rei̯,1
মজুদও,mo.ɟud̪.o,1
দূর্ভিক্ষ,d̪urb.bʰik.kʰo,1
গতকাল,gɔ.t̪o.kal,1
ঘাড়ের,gʰa.ɽer,1
নিঃশ্বাস,niʃ.ʃaʃ,1
শিউরে,ʃiu̯.re,1
বিছানার,bi.cʰa.nar,1
উপরেই,u.po.rei̯,1
কোঠরে,ko.tʰo.re,1
ঢোকানো,dʰo.ka.no,1
মৃতের,mri.t̪er,1
ফ্যাকাশে,pʰæ.ka.ʃe,1
লালা,la.la,1
ঝরছে,ɟʰor.cʰe,1
গায়ে,ga.ʲe,1
অবশিষ্ট,ɔ.bo.ʃiʃ.to,1
হাড়ের,ha.ɽer,1
চামড়াটাই,cam.ɽa.tai̯,1
লোলুপ,lo.lup,1
বোটকা,bot.ka,1
পচা,pɔ.ca,1
গন্ধে,gɔn.d̪ʰe,1
বীভৎস,bi.bʰɔt̪.ʃo,1
করেও,ko.re.o,1
অসাড়,ɔ.ʃaɽ,1
স্ত্রীকেও,st̪ri.keo̯,1
শত,ʃɔ.t̪o,1
চেষ্টাতেও,ceʃ.ta.t̪e.o,1
ফুটল,pʰut.lo,1
জোর,ɟor,1
বেড,bed,1
সুইচটা,sui̯c.ta,1
অদ্ভুৎ,ɔd̪.bʰut̪,1
স্বাভাবিক,ʃa.bʰa.bik,1
স্ত্রীকে,st̪ri.ke,1
ডাকলাম,dak.lam,1
ওয়াশ,oʷaʃ,1
রুমেও,ru.meo̯,1
খুঁজতে,kʰũɟ.t̪e,1
করিডোরে,ko.ri.do.re,1
দরজাও,d̪ɔ.ro.ɟao̯,1
ভিতরে,bʰi.t̪o.re,1
উঁকি,ũ.ki,1
ভয়ানক,bʰɔ.ʲa.nɔk,1
দৃশ্য,d̪riʃ.ʃo,1
কল্পনাতেও,kɔl.po.na.t̪eo̯,1
স্ত্রীর,st̪rir,1
রক্তাক্ত,rɔk.t̪ak.t̪o,1
অস্থিচর্মসার,os.t̪ʰi.cɔr.mo.ʃar,1
খুবলে,kʰub.le,1
জম্বি,ɟom.bi,1
পেটের,pe.ter,1
নাড়ি,na.ɽi,1
ভুড়িসহ,bʰu.ɽi.ʃɔ.ho,1
জম্বিগুলো,ɟom.bi.gu.lo,1
ঘিরে,gʰi.re,1
ধরেছে,d̪ʰo.re.cʰe,1
টার্গেট,tar.get,1
ঝাপটায়,ɟʰap.taʲ,1
সম্বিৎ,ʃɔm.bit̪,1
জবাবে,ɟɔ.ba.be,1
করছিলাম,kor.cʰi.lam,1
কাঠের,ka.tʰer,1
গেছিল,ge.cʰi.lo,1
দিচ্ছিলাম,d̪ic.cʰi.lam,1
ছিটায়,cʰi.taʲ,1
হাউমাউ,hau̯.mau̯,1
কেঁদে,kẽ.d̪e,1
ফজরের,pʰɔ.ɟo.rer,1
আযান,a.ɟan,1
নামাজ,na.maɟ,1
সংকট,ʃɔŋ.kɔt,1
বিশ্ববাসীর,biʃ.ʃo.ba.ʃir,1
জায়নামাজে,ɟaʲ.na.ma.ɟe,1
শপথ,ʃɔ.pot̪ʰ,1
প্রয়োজনের,pro.ʲo.ɟo.ner,1
অতিরিক্ত,o.t̪i.rik.t̪o,1
দুর্দশাগ্রস্ত,d̪ur.d̪ɔ.ʃa.gros.t̪o,1
মানুষদের,ma.nuʃ.d̪er,1
যথাসাধ্য,ɟɔ.t̪ʰa.ʃad̪.d̪ʰo,1
মুনাফার,mu.na.pʰar,1
উৎপাদন,ut̪.pa.d̪on,1
বৃদ্ধির,brid̪.d̪ʰir,1
অনাহারে,ɔ.na.ha.re,1
তাদেরকেও,t̪a.d̪er.keo̯,1
সচেতন,ʃɔ.ce.t̪on,1
পতিত,po.t̪i.t̪o,1
জমিগুলোতে,ɟo.mi.gu.lo.t̪e,1
ফসল,pʰɔ.ʃol,1
ফলানো,pʰɔ.la.no,1
সিদ্ধান্তের,sid̪.d̪ʰan.t̪er,1
তারাও,t̪a.rao̯,1
সাগ্রহে,ʃag.gro.he,1
দাঁড়িয়েছে,d̪ã.ɽiʲe.cʰe,1
দানের,d̪a.ner,1
মধ্য,mod̪.d̪ʰo,1
পরিতৃপ্ত,po.ri.t̪rip.t̪o,1
বুঝেছি,bu.ɟʰe.cʰi,1
মহাপুরুষেরা,mɔ.ha.pu.ru.ʃe.ra,1
গিয়েছেন,gi.ʲe.cʰen,1
ভোগে,bʰo.ge,1
ত্যাগেই,t̪æ.gei̯,1
দেখাবে,d̪æ.kʰa.be,1
বলে৷,bo.le,1
গোলা,go.la,1
একপাশে,æk.pa.ʃe,1
পুকুরের,pu.ku.rer,1
গাছভরা,gacʰ.bʰɔ.ra,1
বানানো,ba.na.no,1
গোসলের,go.so.ler,1
কাপড়,ka.poɽ,1
নাড়তে,naɽ.t̪e,1
শুকাতে,ʃu.ka.t̪e,1
আলু,a.lu,1
পিঁয়াজ,pĩ.ʲaɟ,1
রসুনের,ro.ʃu.ner,1
সুপারি,ʃu.pa.ri,1
শ্বশুরের,ʃo.ʃu.rer,1
পুরনো,pu.ro.no,1
শ্রেণির,sre.nir,1
কৃষিকাজই,kri.ʃi.kaɟ.i,1
মূল,mul,1
উৎস,ut̪.ʃo,1
পিঁয়াজের,pĩ.ʲa.ɟer,1
ক্ষেতে,kʰe.t̪e,1
শ্রমিক,sro.mik,1
পিয়াজ,pi.ʲaɟ,1
এগোলো,e.go.lo,1
শ্রমিকরা,ʃro.mik.ra,1
প্রশংসায়,pro.ʃoŋ.ʃaʲ,1
পঞ্চমুখ,pɔn.co.mukʰ,1
লাগলো,lag.lo,1
মহিলার,mo.hi.lar,1
প্রশংসা,pro.ʃɔŋ.ʃa,1
বুঝল,buɟʰ.lo,1
জাতের,ɟa.t̪er,1
ফলন,pʰɔ.lon,1
মাঠ,matʰ,1
ধান,d̪ʰan,1
ধানক্ষেতের,d̪ʰan.kʰe.t̪er,1
চাষীদের,ca.ʃi.d̪er,1
ওয়াশরুমে,o.ʷaʃ.ru.me,1
যতবারই,ɟɔ.t̪o.bar.i,1
চেয়েছে,ce.ʲe.cʰe,1
ততবারই,t̪ɔ.t̪o.bar.i̯,1
দেখাত,d̪æ.kʰa.t̪o,1
স্বামীসহ,ʃa.mi.ʃɔ.ho,1
বাপের,ba.per,1
গহনার,gɔ.ho.nar,1
গহনাসহই,gɔ.ho.na.ʃɔ.hoi̯,1
পরতে,por.t̪e,1
থাকলো,t̪ʰak.lo,1
কয়েকদিন,kɔʲ.ek.d̪in,1
এভাবেই,e.bʰa.bei̯,1
কাটল,kat.lo,1
কয়দিনে,kɔʲ.d̪i.ne,1
বুঝেছে,bu.ɟʰe.cʰe,1
যায়ও,ɟaʲ.o,1
বউও,bou̯.o,1
অত্যন্ত,ot̪.t̪on.t̪o,1
ভালোবাসে,bʰa.lo.ba.ʃe,1
দেখানো,d̪æ.kʰa.no,1
আসায়,a.ʃaʲ,1
জানানোয়,ɟa.na.noʲ,1
বোঝালেন,bo.ɟʰa.len,1
নাছোড়বান্দা,na.cʰoɽ.ban.d̪a,1
সাফ,sapʰ,1
সেক্ষেত্রে,ʃe.kʰet̪.t̪re,1
কাবিনের,ka.bi.ner,1
চাইলে,cai̯.le,1
সামনের,ʃam.ner,1
দিবেন,d̪i.ben,1
কালকের,ka.lo.ker,1
পরীক্ষাটা,po.rik.kʰa.ta,1
বলেছিলে,bo.le.cʰi.le,1
বলছো,bol.cʰo,1
নিয়েছো,ni.e.cʰo,1
দিবে,d̪i.be,1
বেড়াচ্ছ,bæ.ɽac.cʰo,1
ডর,dɔr,1
দিনরাত,d̪in.rat̪,1
চাকরির,cak.rir,1
নিচ্ছে,nic.cʰe,1
কালও,kal.o,1
ভাত,bʰat̪,1
খাবে,kʰa.be,1
ইদানীং,i.d̪a.niŋ,1
এখান,e.kʰan,1
অনলাইন,ɔn.lai̯n,1
পোর্টালগুলো,por.tal.gu.lo,1
কীসব,ki.ʃɔb,1
ছাপায়,cʰa.paʲ,1
ফালতু,pʰal.t̪u,1
করলেও,kor.le.o,1
সমস্যার,ʃɔ.moʃ.ʃar,1
কয়েকবার,kɔʲ.ek.bar,1
চাইছে,cai̯.cʰe,1
আকারে,a.ka.re,1
সমস্যাগুলো,ʃɔ.moʃ.ʃa.gu.lo,1
পেশ,peʃ,1
দুইজন,d̪ui̯.ɟon,1
ওপেনার,o.pe.nar,1
ভিত,bʰi.t̪o,1
গাড়তে,gaɽ.t̪e,1
গাড়তেই,gaɽ.t̪ei̯,1
সময়টুকু,ʃo.mɔʲ.tu.ku,1
ফুরিয়েছেন,pʰu.ri.ʲe.cʰen,1
নির্ভর,nir.bʰɔr,1
বাঁচাবে,bã.ca.be,1
লোককেই,lok.kei̯,1
ওভারে,o.bʰa.re,1
ছেচল্লিশ,cʰe.col.liʃ,1
রানে,ra.ne,1
উইকেট,ui̯.ket,1
বোলিং,bo.liŋ,1
লাইন,lai̯n,1
আপ,ap,1
ব্যাটিংয়েও,bæ.ti.ŋeo̯,1
ভুলতেই,bʰul.t̪ei̯,1
বসেছে,bo.ʃe.cʰe,1
টিকতে,tik.t̪e,1
অলআউট,ɔl.au̯t,1
বিসিবি,bi.si.bi,1
একেবারে,æ.ke.ba.re,1
আমাদেরও,a.ma.d̪er.o,1
চাপিয়ে,ca.pi.ʲe,1
সামান্য,ʃa.man.no,1
আলোচনাও,a.lo.cɔ.nao̯,1
ঢাকাকে,dʰa.ka.ke,1
ব্যাক্তি,bek.t̪i,1
ঢাকা,dʰa.ka,1
জাদুর,ɟa.d̪ur,1
কবিতার,ko.bi.t̪ar,1
কোলাহলের,ko.la.hɔ.ler,1
আঁধারিতে,ã.d̪ʰa.ri.t̪e,1
শতাব্দী,ʃɔ.t̪ab.d̪i,1
শহরের,ʃɔ.ho.rer,1
অলিগলিতে,o.li.go.li.t̪e,1
কাহিনি,ka.hi.ni,1
শাসনামলের,ʃa.ʃo.na.mo.ler,1
শহরকে,ʃɔ.hor.ke,1
পরিচিতি,po.ri.ci.t̪i,1
শহরে,ʃɔ.ho.re,1
শ্রেণীর,sre.nir,1
ওভারটি,o.bʰar.ti,1
হারাইনি,ha.rai̯.ni,1
হাসিমুখটা,ha.ʃi.mukʰ.ta,1
ক্লান্তি,klan.t̪i,1
ছেলেও,cʰe.leo̯,1
পিতা,pi.t̪a,1
সৌভাগ্যের,ʃou̯.bʰag.ger,1
চীনেই,ci.nei̯,1
করোনাভাইরাসের,kɔ.ro.na.bʰai̯.ra.ser,1
আবির্ভাব,a.birb.bʰab,1
মহামারির,mɔ.ha.ma.rir,1
আজও,aɟ.o,1
বিশ্ব,biʃ.ʃo,1
চীনে,ci.ne,1
অনেকটা,ɔ.nek.ta,1
স্বস্তির,ʃos.t̪ir,1
নিশ্বাস,niʃ.ʃaʃ,1
ঘড়িটা,gʰo.ɽi.ta,1
দামটা,d̪am.ta,1
নাগালের,na.ga.ler,1
ইশ্,iʃ,1
হাসিটা,ha.ʃi.ta,1
তাদেরও,t̪a.d̪er.o,1
পারতো,par.t̪o,1
পাহাড়ে,pa.ha.ɽe,1
কষ্টই,kɔʃ.toi̯,1
উঠার,u.tʰar,1
নিমিষেই,ni.mi.ʃei̯,1
পাহাড়ের,pa.ha.ɽer,1
চূড়ায়,cu.ɽaʲ,1
ম্যাচ,mæc,1
সারারাত,ʃa.ra.rat̪,1
জেগে,ɟe.ge,1
সার্থক,ʃar.t̪ʰok,1
দুর্দান্তই,d̪ur.d̪an.t̪oi̯,1
ফিনিশার,pʰi.ni.ʃar,1
ধোনি,d̪ʰo.ni,1
চাপের,ca.per,1
জিতে,ɟi.t̪e,1
ঘোরে,gʰo.re,1
কীসের,ki.ʃer,1
বিভৎস,bi.bʰɔt̪.ʃo,1
অবয়ব,ɔ.bɔʲ.ɔb,1
তড়িঘড়ি,t̪o.ɽi.gʰo.ɽi,1
চশমাটা,cɔʃ.ma.ta,1
জ্বালালাম,ɟa.la.lam,1
হাড়,haɽ,1
হিম,him,1
শব্দে,ʃɔb.d̪e,1
ডাকছে,dak.cʰe,1
ডাকবে,dak.be,1
মোড়,moɽ,1
নিখুঁত,ni.kʰũt̪,1
হতাশাজনক,hɔ.t̪a.ʃa.ɟɔ.nok,1
পারফরম্যান্সের,par.pʰɔr.mæn.ser,1
অনিশ্চিত,ɔ.niʃ.cit̪,1
কীভাবেই,ki.bʰa.bei̯,1
দাঁড়ালেন,d̪ã.ɽa.len,1
এইখানের,ei̯.kʰa.ner,1
জিনিসেই,ɟi.ni.ʃei̯,1
পাতার,pa.t̪ar,1
মূল্য,mul.lo,1
নির্ধারণ,nir.d̪ʰa.ron,1
ন্যূনতম,nu.no.t̪ɔ.mo,1
সততা,ʃɔ.t̪o.t̪a,1
প্রতিষ্ঠান,pro.t̪iʃ.tʰan,1
দম্পতিকে,d̪ɔm.po.t̪i.ke,1
দেখভাল,d̪ekʰ.bʰal,1
সামলে,ʃam.le,1
সেটাই,ʃe.tai̯,1
পাচ্ছি,pac.cʰi,1
এক্সপ্রেস,æks.pres,1
ফাস্ট,pʰast,1
বোলার,bo.lar,1
বিশ্বকাপের,biʃ.ʃo.ka.per,1
আসরে,a.ʃo.re,1
ম্যাচেও,mæ.ceo̯,1
পারফরম্যান্স,par.pʰɔr.mæns,1
উনার,u.nar,1
দামি,d̪a.mi,1
বটেই,bɔ.tei̯,1
লাখ,lakʰ,1
দামের,d̪a.mer,1
ব্র্যান্ডের,bræn.der,1
হাতঘড়ি,hat̪.gʰo.ɽi,1
টিমে,ti.me,1
খেলোয়াড়ের,kʰæ.lo.ʷa.ɽer,1
উপস্থিতি,u.pos.t̪ʰi.t̪i,1
মাঝখানে,maɟʰ.kʰa.ne,1
পড়ারও,pɔ.ɽar.o,1
আশংকা,a.ʃɔŋ.ka,1
লড়াইয়ের,lɔ.ɽai̯.ʲer,1
মঞ্চে,mɔn.ce,1
গল্পের,gɔl.per,1
রোমাঞ্চকর,ro.man.co.kɔr,1
সাদামাঠা,ʃa.d̪a.ma.tʰa,1
জীবনও,ɟi.bɔn.o,1
গল্পগুলোর,gɔl.po.gu.lor,1
শেষও,ʃeʃ.o,1
অবিরামভাবে,ɔ.bi.ram.bʰa.be,1
নিঃশব্দে,niʃ.ʃɔb.d̪e,1
চলতে,col.t̪e,1
প্রবাহে,pro.ba.he,1
চাকায়,ca.kaʲ,1
থকে,t̪ʰɔ.ke,1
ব্যালকুনিতে,bæl.ku.ni.t̪e,1
কাগজে,ka.go.ɟe,1
বুলাচ্ছিলাম,bu.lac.cʰi.lam,1
এরই,er.i,1
মোবাইল,mo.bai̯l,1
বেজে,be.ɟe,1
অসীমের,ɔ.ʃi.mer,1
হ্যালো,hæ.lo,1
ভরা,bʰɔ.ra,1
রেডি,re.di,1
“এত,æ.t̪o,1
বেড়োলে,bæ.ɽo.le,1
”,,1
ঝাঁঝালো,ɟʰã.ɟʰa.lo,1
পেপারের,pe.pa.rer,1
রিপোর্টাররা,ri.por.tar.ra,1
বসের,bɔ.ser,1
কাগজের,ka.go.ɟer,1
অগত্যা,ɔ.got̪.t̪a,1
যেতেই,ɟe.t̪ei̯,1
তথ্য,t̪ot̪.t̪ʰo,1
সংগ্রহ,ʃɔŋ.gro.ho,1
প্রত্যক্ষদর্শীসহ,prot̪.t̪ok.kʰo.d̪or.ʃi.ʃɔ.ho,1
সাক্ষাৎকার,ʃak.kʰat̪.kar,1
লাইভ,lai̯bʰ,1
টেলিকাস্ট,te.li.kast,1
ক্লান্ত,klan.t̪o,1
আলটিমেটাম,al.ti.me.tam,1
ইনফরমেশন,in.pʰɔr.me.ʃon,1
একত্রিত,æ.kot̪.ri.t̪o,1
মেইল,mei̯l,1
বলাই,bɔ.lai̯,1
ইতিমধ্যে,i.t̪i.mod̪.d̪ʰe,1
মেইলে,mei̯.le,1
ব্যাক,bæk,1
ভাবছি,bʰab.cʰi,1
তিনদিন,t̪in.d̪in,1
বেড়াতে,bæ.ɽa.t̪e,1
অস্বস্তিতে,ɔʃ.ʃos.t̪i.t̪e,1
ফাঁকা,pʰã.ka,1
শুনসান,ʃun.ʃan,1
জানালা,ɟa.na.la,1
শিবু,ʃi.bu,1
আবছা,ab.cʰa,1
আলোয়,a.loʲ,1
সুইচড,sui̯cd,1
অফ,ɔpʰ,1
উফ্,upʰ,1
তাড়াহুড়োতে,t̪a.ɽa.hu.ɽo.t̪e,1
ফোনে,pʰo.ne,1
চার্জ,carɟ,1
ঢুকেই,dʰu.kei̯,1
পেল,pe.lo,1
মোড়া,mo.ɽa,1
চাদরটা,ca.d̪or.ta,1
সরিয়ে,ʃo.ri.ʲe,1
করছ,kor.cʰo,1
অলসের,ɔ.lo.ʃer,1
হুকুম,hu.kum,1
জারি,ɟa.ri,1
করাটাও,kɔ.ra.tao̯,1
বড়ো,bɔ.ɽo,1
বটে,bɔ.te,1
চুরি,cu.ri,1
খুনের,kʰu.ner,1
মামলা,mam.la,1
তাকেই,t̪a.kei̯,1
আরামেই,a.ra.mei̯,1
ঘটল,gʰot.lo,1
করছি,kor.cʰi,1
কোভিডের,ko.bʰi.der,1
ছড়াছড়ি,cʰɔ.ɽa.cʰo.ɽi,1
আতঙ্ক,a.t̪ɔŋ.ko,1
আপনজন,a.pon.ɟɔn,1
কানে,ka.ne,1
তোলে,t̪o.le,1
নীতিবাক্যে,ni.t̪i.bak.ke,1
বয়েই,bo.ʲei̯,1
ওষুধ,o.ʃud̪ʰ,1
ক্ষতি,kʰo.t̪i,1
সর্দি,ʃor.d̪i,1
কাশি,ka.ʃi,1
ক্লাবটিতে,klab.ti.t̪e,1
খেলোয়াড়,kʰæ.lo.ʷaɽ,1
সংযোজন,ʃɔŋ.ɟo.ɟon,1
ছাড়াও,cʰa.ɽa.o,1
পরিবর্তনের,po.ri.bɔr.t̪o.ner,1
ভাবছে,bʰab.cʰe,1
ক্লাবটির,klab.tir,1
শিরোপা,ʃi.ro.pa,1
খরা,kʰɔ.ra,1
কাটে,ka.te,1
আগামী,a.ga.mi,1
দিনে,d̪i.ne,1
খেলেছে,kʰe.le.cʰe,1
নিশ্চয়ই,niʃ.coi̯.i,1
তোদের,t̪o.d̪er,1
বাসার,ba.ʃar,1
সুবিধা,ʃu.bi.d̪ʰa,1
পড়তাম,poɽ.t̪am,1
বিভাগের,bi.bʰa.ger,1
মাবুদ,ma.bud̪,1
চিঠি,ci.tʰi,1
প্রাপক,pra.pok,1
আপনারাই,ap.na.rai̯,1
ঘিরেই,gʰi.rei̯,1
ভাবনা,bʰab.na,1
চিনতাম,cin.t̪am,1
অন্যভাবে,on.no.bʰa.be,1
এখনকার,æ.kʰon.kar,1
মিল,mil,1
চিনে,ci.ne,1
উঠছি,utʰ.cʰi,1
সংগ্রাম,ʃɔŋ.gram,1
প্রত্যেকের,prot̪.t̪e.ker,1
গল্পগুলো,gɔl.po.gu.lo,1
অদ্ভুত,ɔd̪.bʰut̪,1
অনুপ্রেরণাদায়ী,o.nu.pre.ro.na.d̪a.ʲi,1
হোটেলে,ho.te.le,1
ব্যাগপত্র,bæg.pɔt̪.t̪ro,1
রেখেই,re.kʰei̯,1
সেরেই,ʃe.rei̯,1
বিশালতার,bi.ʃa.lɔ.t̪ar,1
কীট,kit,1
ক্ষমা,kʰɔ.ma,1
জ্ঞানীদের,gæ̃.ni.d̪er,1
গ্লানি,gla.ni,1
জীবনকে,ɟi.bɔn.ke,1
আলোকিত,a.lo.ki.t̪o,1
জ্ঞানার্জন,gæ̃.nar.ɟon,1
অমূল্য,ɔ.mul.lo,1
শ্লীলতা,sli.lɔ.t̪a,1
সাবলীল,ʃa.bo.lil,1
ট্রাফিক,tra.pʰik,1
চলুন,co.lun,1
ডাস্টবিন,dast.bin,1
সুনাগরিকের,ʃu.na.go.ri.ker,1
যিনি,ɟi.ni,1
জ্বালাও,ɟa.lao̯,1
পারব,par.bo,1
স্বর,ʃɔr,1
বেয়াদবি,be.ʲad̪.bi,1
ড্রামস,drams,1
স্লোগান,slo.gan,1
শিশুটিকে,ʃi.ʃu.ti.ke,1
জরুরি,ɟo.ru.ri,1
সুগন্ধ,ʃu.gɔn.d̪ʰo,1
মাথাব্যাথা,ma.t̪ʰa.bæ.t̪ʰa,1
কমাতে,kɔ.ma.t̪e,1
সহায়ক,ʃɔ.haʲ.ok,1
শহরই,ʃɔ.hor.i,1
স্ট্রাইক,strai̯k,1
মনও,mon.o,1
শায়িত,ʃa.ʲi.t̪o,1
বীর,bir,1
মুক্তিযোদ্ধারা,muk.t̪i.ɟod̪.d̪ʰa.ra,1
জ্ঞাপন,gæ̃.pon,1
লেখার,le.kʰar,1
ব্লগ,blɔg,1
স্প্রিং,spriŋ,1
খুলুন,kʰu.lun,1
লোহার,lo.har,1
নতুবা,no.t̪u.ba,1
নবের,nɔ.ber,1
স্ক্রু,skru,1
ঘোরান,gʰo.ran,1
ঢিল,dʰil,1
দোটানায়,d̪o.ta.naʲ,1
কাটালেন,ka.ta.len,1
দ্বিধা,d̪i.d̪ʰa,1
উঠুন,u.tʰun,1
ক্রয়,krɔʲ,1
মিটবে,mit.be,1
পুষ্টির,puʃ.tir,1
চাহিদা,ca.hi.d̪a,1
ক্রেতাকে,kre.t̪a.ke,1
স্প্রেডশিটে,spred.ʃi.te,1
প্রান্তে,pran.t̪e,1
দাঁড়ান,d̪ã.ɽan,1
স্থাপত্যগুলো,st̪ʰa.pɔt̪.t̪o.gu.lo,1
কাগজটা,ka.goɟ.ta,1
দাঁড়ায়,d̪ã.ɽaʲ,1
গোসলে,go.sɔ.le,1
শার্ট,ʃart,1
কাজই,kaɟ.i,1
কাজের,ka.ɟer,1
পাশাপাশি,pa.ʃa.pa.ʃi,1
অবসর,ɔ.bo.ʃɔr,1
সময়েও,ʃɔ.mɔ.ʲeo̯,1
পাড়ার,pa.ɽar,1
ফুটবল,pʰut.bɔl,1
পুকুরে,pu.ku.re,1
একবার,æk.bar,1
বন্ধুরা,bon.d̪ʰu.ra,1
বেচে,be.ce,1
উপলক্ষ,u.po.lɔk.kʰo,1
ভিড়,bʰiɽ,1
রিক্সায়,rik.ʃaʲ,1
স্যারকে,sar.ke,1
ভান,bʰan,1
যাত্রায়,ɟat̪.t̪raʲ,1
ভেতর,bʰe.t̪or,1
রয়েই,ro.ʲei̯,1
মাসের,ma.ʃer,1
বেতনটা,be.t̪on.ta,1
পেয়েই,pe.ʲei̯,1
নিতুকে,ni.t̪u.ke,1
নিতুর,ni.t̪ur,1
রাগও,rag.o,1
গলে,go.le,1
বাসগুলো,bas.gu.lo,1
ইচ্ছামতো,ic.cʰa.mɔ.t̪o,1
গাফিলতির,ga.pʰi.lo.t̪ir,1
মরে,mo.re,1
ঝরে,ɟʰɔ.re,1
রুটিগুলি,ru.ti.gu.li,1
একদিনও,ek.d̪in.o,1
ক্লাসের,kla.ser,1
লেখে,le.kʰe,1
আনে,a.ne,1
প্রতিদিনই,pro.t̪i.d̪i.ni,1
ছেলেগুলোকে,cʰe.le.gu.lo.ke,1
শেষে,ʃe.ʃe,1
ফিরত,pʰir.t̪o,1
ফিরছিলাম,pʰir.cʰi.lam,1
ঘেঁষে,gʰẽ.ʃe,1
বসি,bo.ʃi,1
ইচ্ছে,ic.che,1
লোকটাকে,lok.ta.ke,1
উঠানো,u.tʰa.no,1
যাওয়ায়,ɟao̯.ʷai̯,1
নড়ে,nɔ.ɽe,1
জীবনটা,ɟi.bɔn.ta,1
সুন্দরভাবে,ʃun.d̪ɔr.bʰa.be,1
গড়ে,gɔ.ɽe,1
সময়টাও,ʃɔ.mɔʲ.ta.o,1
লড়ে,lɔ.ɽe,1
ঘুমে,gʰu.me,1
ঢলে,d̪ʰo.le,1
পড়ছে,poɽ.cʰe,1
জ্বলে,ɟɔ.le,1
রুটি,ru.ti,1
রুটিগুলো,ru.ti.gu.lo,1
টিফিন,ti.pʰin,1
বক্সে,bɔk.se,1
আচ্ছন্নতা,ac.cʰɔn.no.t̪a,1
কাটান,ka.tan,1
আদিখ্যেতা,a.d̪ik.kʰe.t̪a,1
বিস্তারিত,bis.t̪a.ri.t̪o,1
চিন্তিত,cin.t̪i.t̪o,1
সন্ন্যাসে,ʃon.na.ʃe,1
বিজ্ঞান,big.gæ̃n,1
ভগ্নাংশ,bʰɔg.naŋ.ʃo,1
রূপান্তর,ru.pan.t̪ɔr,1
সবশেষে,ʃɔb.ʃe.ʃe,1
মুদ্রণ,mud̪.d̪ron,1
লেখাটি,le.kʰa.ti,1
আমন্ত্রণ,a.mon.t̪rɔn,1
স্কুলের,sku.ler,1
ছাত্রীদের,cʰat̪.ri.d̪er,1
প্রতিক্রিয়া,pro.t̪ik.kri.ʲa,1
সন্ধান,ʃɔn.d̪ʰan,1
জায়গাটার,ɟaʲ.ga.tar,1
অক্ষত,ɔk.kʰɔ.t̪o,1
স্মৃতিগুলো,srĩ.t̪i.gu.lo,1
বিক্রেতাকে,bik.kre.t̪a.ke,1
বলুন,bo.lun,1
বিক্রয়,bik.roʲ,1
পণ্যগুলো,pon.no.gu.lo,1
হয়ো,hoʲ.o,1
আহ্বান,ao̯.bʰan,1
কন্ট্রোল,kɔn.trol,1
নিষ্ক্রিয়,niʃ.kri.ʲo,1
বোমাটি,bo.ma.ti,1
এক্সপার্টের,eks.par.ter,1
চক্রাকারে,cɔk.kra.ka.re,1
গণ্ডগোল,gɔn.do.gol,1
হট্টগোল,hɔt.to.gol,1
বিদ্বানদের,bid̪.d̪an.d̪er,1
উল্লেখ,ul.lekʰ,1
বাক্যগঠন,bak.ko.gɔ.tʰon,1
ভুলগুলো,bʰul.gu.lo,1
সূক্ষ্মভাবে,ʃuk.kʰõ.bʰa.be,1
ব্যস্ততা,bæs.t̪o.t̪a,1
কমান,kɔ.man,1
সংগ্রহে,ʃɔŋ.gro.he,1
পাথরগুলো,pa.t̪ʰor.gu.lo,1
মূল্যবান,mul.lo.ban,1
দুর্বলকে,d̪ur.bɔl.ke,1
বঞ্চনা,bɔn.co.na,1
বর্ডার,bɔr.dar,1
সদ্ব্যবহার,ʃɔd̪.bæ.bo.har,1
ভিজো,bʰi.ɟo,1
বজ্রপাতের,bɔɟ.ɟro.pa.t̪er,1
কার্নিশে,kar.ni.ʃe,1
দাঁড়িও,d̪ã.ɽi.o,1
বর্ষাতি,bɔr.ʃa.t̪i,1
কেনো,kæ.no,1
আহ্লাদ,al.had̪,1
লণ্ঠনটা,lɔn.tʰon.ta,1
গরুর,go.rur,1
টানো,ta.no,1
উল্লাস,ul.laʃ,1
পাঞ্জাবিটা,pan.ɟa.bi.ta,1
অক্ষরটা,ɔk.kʰor.ta,1
লেখো,læ.kʰo,1
সাক্ষর,ʃak.kʰor,1
স্মৃতি,srĩ.t̪i,1
শুনুন,ʃu.nun,1
সামান্তরিক,ʃa.man.t̪o.rik,1
আঁকুন,ã.kun,1
প্রলম্বিত,pro.lom.bi.t̪o,1
নিম্নমুখী,nim.no.mu.kʰi,1
ঊর্ধ্বমুখী,ur.d̪ʰo.mu.kʰi,1
আচ্ছন্ন,ac.cʰɔn.no,1
থ্যাতলানো,t̪ʰæt̪.la.no,1
বরইয়ের,bor.i̯.ʲer,1
লবন,lɔ.bon,1
মরিচ,mo.ric,1
মাখালেই,ma.kʰa.lei̯,1
বরই,bo.roi̯,1
ভর্তা,bʰɔrt̪.t̪a,1
মিথ্যা,mit̪.t̪ʰa,1
গুড়ুম,gu.ɽum,1
বিমুগ্ধতা,bi.mug.d̪ʰo.t̪a,1
এড়ায়নি,æ.ɽaʲ.ni,1
ফরাসি,pʰɔ.ra.ʃi,1
উদ্ভূত,ud̪.bʰu.t̪o,1
বাগ্মিতার,bag.mi.t̪ar,1
বাক্পটু,bak.po.tu,1
গ্যাঁজদাঁতে,gæ̃ɟ.d̪ã.t̪e,1
আত্মগ্লানিতে,at̪.t̪õ.gla.ni.t̪e,1
দুষ্কর্ম,d̪uʃ.kɔr.mo,1
করাই,kɔ.rai̯,1
কৃতঘ্নতার,kri.t̪ɔgʰ.no.t̪ar,1
কারনেই,ka.ro.nei̯,1
অভিযুক্ত,o.bʰi.ɟuk.t̪o,1
বস্তুকে,boʃ.t̪u.ke,1
বৈষ্ণব,boi̯ʃ.nɔb,1
শাস্ত্রমতে,ʃas.t̪ro.mɔ.t̪e,1
ভগবানের,bʰɔ.go.ba.ner,1
স্বরূপশক্তি,ʃɔ.rup.ʃok.t̪i,1
ভগবান,bʰɔ.go.ban,1
হ্লাদিনী,hla.d̪i.ni,1
মহাবিশ্বে,mɔ.ha.biʃ.ʃe,1
বিদ্যমান,bid̪.d̪o.man,1
চিরন্তন,ci.rɔn.t̪on,1
অখণ্ড,ɔ.kʰɔn.do,1
সত্যের,ʃot̪.t̪er,1
ধারণাকে,d̪ʰa.ro.na.ke,1
উজ্জীবন,uɟ.ɟi.bon,1
নব,nɔ.bo,1
সঞ্চার,ʃɔn.car,1
ট্রেকিংয়ের,tre.kiŋ.er,1
প্রজ্জ্বলিত,proɟ.ɟo.li.t̪o,1
ঘুমানো,gʰu.ma.no,1
ব্যাকরণে,bæ.kɔ.ro.ne,1
মধ্যপদলোপী,mod̪.d̪ʰo.pɔ.d̪.lo.pi,1
কর্মধারয়,kɔr.mo.d̪ʰa.rɔʲ,1
সমাসের,ʃɔ.ma.ʃer,1
শহীদ,ʃo.hid̪,1
রুমির,ru.mir,1
প্রকৃতপক্ষে,pro.kri.t̪o.pok.kʰe,1
রত্নগর্ভা,rɔt̪.no.gɔr.bʰa,1
স্বপ্নাদেশে,ʃɔp.na.d̪e.ʃe,1
তাবিজবাবা,t̪a.biɟ.ba.ba,1
সঙ্গের,ʃɔŋ.ger,1
প্রভাবে,pro.bʰa.be,1
উচ্ছন্নে,uc.cʰɔn.ne,1
আপ্যায়িত,ap.pa.ʲi.t̪o,1
উজ্জ্বলতম,uɟ.ɟɔl.t̪ɔ.mo,1
লুব্ধক,lub.d̪ʰɔk,1
পাতা,pa.t̪a,1
উল্টানো,ul.ta.no,1
ইদ,id̪,1
ভ্রাতৃত্বকে,bʰrat̪.t̪rit̪.t̪o.ke,1
আশ্লেষে,aʃ.le.ʃe,1
অকৃষ্ণকর্মা,ɔ.kriʃ.no.kɔr.ma,1
নিষ্কলঙ্ক,niʃ.ko.lɔŋ.ko,1
ব্যক্তিকেই,bek.t̪i.kei̯,1
পরস্পরবিরোধী,pɔ.roʃ.pɔr.bi.ro.d̪ʰi,1
মনোভাবের,mo.no.bʰa.ber,1
দুর্দশা,d̪ur.d̪ɔ.ʃa,1
সুস্মিতা,ʃuʃ.mi.t̪a,1
শব্দটির,ʃɔb.d̪o.tir,1
তোকে,t̪o.ke,1
বুঝলি,buɟʰ.li,1
বুঝলে,buɟʰ.le,1
বলবি,bol.bi,1
বলবে,bol.be,1
কুমড়া,kum.ɽa,1
খাবেন,kʰa.ben,1
মাশরাফিদের,maʃ.ra.pʰi.d̪er,1
প্রসন্ন,pro.ʃɔn.no,1
রাফি,ra.pʰi,1
একাগ্র,æ.kag.gro,1
শীঘ্র,ʃigʰ.gʰro,1
করোনার,kɔ.ro.nar,1
ভ্যারিয়েন্টের,bʰæ.ri.ʲen.ter,1
প্রকোপ,pro.kɔp,1
স্বর্গরাজ,ʃɔr.go.raɟ,1
ইন্দ্রের,in.d̪rer,1
অস্ত্রের,ɔs.t̪rer,1
বজ্র,bɔɟ.ɟro,1
উড়িষ্যার,u.riʃ.ʃar,1
অধিবাসীদেরকে,o.d̪ʰi.ba.ʃi.d̪er.ke,1
ঔড্র,ou̯d.dro,1
পদ্ম,pɔd̪.d̪õ,1
ফুল,pʰul,1
প্রসাধনসামগ্রী,pro.ʃa.d̪ʰon.ʃa.mog.gri,1
চীনের,ci.ner,1
অভিধানে,o.bʰi.d̪ʰa.ne,1
পান্থ,pan.t̪ʰo,1
পথিক,po.t̪ʰik,1
চন্দ্র,cɔn.d̪ro,1
নক্ষত্র,nɔk.kʰɔt̪.t̪ro,1
সৌরজগত,ʃou̯.ro.ɟɔ.go.t̪o,1
মহকাশের,mɔh.ka.ʃer,1
সান্ধ্য,ʃan.d̪ʰo,1
আইনের,ai̯.ner,1
বিপক্ষে,bi.pok.kʰe,1
আবাসিক,a.ba.ʃik,1
হলের,hɔ.ler,1
ছাত্রীরা,cʰat̪.ri.ra,1
বিক্ষোভ,bik.kʰobʰ,1
রৌপ্য,rou̯p.po,1
রজত,rɔ.ɟɔt̪,1
রূপা,ru.pa,1
নব্য,nob.bo,1
হিন্দুসমাজে,hin.d̪u.ʃɔ.ma.ɟe,1
কুসংস্কার,ku.ʃɔŋʃ.kar,1
পর্যাপ্ত,pɔr.ɟap.t̪o,1
ভ্যাকসিন,bʰæk.sin,1
মন্ত্রণালয়,mɔn.t̪ro.na.lɔʲ,1
অভ্র,ɔb.bʰro,1
বোর্ডের,bor.der,1
উদ্ভাবকের,ud̪.bʰa.bɔ.ker,1
মেহেদী,me.he.d̪i,1
হাসান,ha.san,1
খান,kʰan,1
নিম্নে,nim.ne,1
স্ট্যাম্পে,stæm.pe,1
টিপসই,tip.ʃoi̯,1
অন্যায়ভাবে,ɔn.næʲ.bʰa.be,1
লম্ফ,lɔm.pʰo,1
ঝম্ফ,ɟʰɔm.pʰo,1
আরম্ভ,a.rom.bʰo,1
সুস্বাস্থ্য,ʃu.ʃas.t̪ʰo,1
কাম্য,kam.mo,1
গোল্ড,gold,1
দামে,d̪a.me,1
বাড়ছে,baɽ.cʰe,1
কমছে,kom.cʰe,1
পুষ্প,puʃ.po,1
ফোটে,pʰo.te,1
মাহীন,ma.hin,1
একলব্যের,æk.lob.ber,1
শিষ্য,ʃiʃ.ʃo,1
আইনশাস্ত্রের,ai̯n.ʃas.t̪rer,1
আইন,ai̯n,1
বইয়ের,boi̯.ʲer,1
ব্রান্ডের,bran.der,1
বডি,bɔ.di,1
স্প্রে,spre,1
ফেরাতে,pʰe.ra.t̪e,1
সৌদি,sou̯.d̪i,1
নিঃস্ব,niʃ.ʃo,1
ফিরলেন,pʰir.len,1
আশাহত,a.ʃa.hɔ.t̪o,1
নাবিলকে,na.bil.ke,1
ভস্মে,bʰɔʃ.ʃẽ,1
ঢালা,dʰa.la,1
একই,æk.i,1
টিকেটে,ti.ke.te,1
ভ্রমণ,bʰro.mon,1
সেলামী,se.la.mi,1
সাপুড়ের,ʃa.pu.ɽer,1
জনতার,ɟɔ.no.t̪ar,1
ইলেক্ট্রন,i.lek.trɔn,1
প্রোটন,pro.ton,1
নিউট্রনের,niu̯.trɔ.ner,1
সমন্বয়ে,ʃɔ.mɔn.nɔʲ.e,1
গঠিত,go.tʰi.t̪o,1
মৌল,mou̯.lo,1
পদার্থের,pɔ.d̪ar.t̪ʰer,1
সূক্ষ্মতম,ʃuk.kʰõ.t̪ɔ.mo,1
একেই,e.kei̯,1
বয়লে,bɔʲ.le,1
অকালপক্বতা,ɔ.kal.pɔk.ko.t̪a,1
গির্জা,gir.ɟa,1
খ্রিস্টান,kʰriʃ.tan,1
সম্প্রদায়ের,ʃɔm.pro.d̪aʲ.er,1
উপাসনালয়,u.pa.ʃɔ.na.loʲ,1
রুগ্ণ,rug.no,1
দুর্বল,d̪ur.bɔl,1
কাহিল,ka.hil,1
অবিদগ্ধ,ɔ.bi.d̪ɔg.d̪ʰo,1
পন্ডিত,pon.dit̪,1
বিদ্বান,bid̪.d̪an,1
অগ্ন্যুদ্গম,og.nud̪.gɔm,1
অগ্ন্যুদ্গার,og.nud̪.gar,1
আগ্নেয়,ag.ne.ʲo,1
পর্বত,pɔr.bot̪,1
কামানাদি,ka.ma.na.d̪i,1
আগ্নেয়াস্ত্র,ag.ne.ʲas.t̪ro,1
ঋগ্বেদ,rig.bed̪,1
হিন্দুদের,hin.d̪u.d̪er,1
ধর্মগ্রন্থ,d̪ʰɔr.mo.gron.t̪ʰo,1
ঐকাগ্র্য,oi̯.kag.gro,1
ঘ্যাচড়া,gʰæc.ɽa,1
হয়েগেছে,ho.ʲe.ge.cʰe,1
পাকবে,pak.be,1
ভাষা,bʰa.ʃa,1
কতকটা,kɔ.t̪ok.ta,1
অপাঙ্ক্তেয়,ɔ.paŋk.t̪e.ʲo,1
বস্তু,bos.t̪u,1
সাঙ্খ্য,ʃaŋ.kʰo,1
সাংখ্য,ʃaŋ.kʰo,1
ব্যঙ্গ্যোক্তির,bæŋ.gok.t̪ir,1
অলঙ্ঘ্য,ɔ.loŋ.gʰo,1
অলঙ্ঘনীয়,ɔ.lɔŋ.gʰo.ni.ʲo,1
লঙ্ঘন,lɔŋ.gʰon,1
সমুচ্ছ্রিত,ʃo.muc.cʰri.t̪o,1
অতিশয়,o.t̪i.ʃɔʲ,1
স্ফীত,spʰi.t̪o,1
বৃদ্ধিপ্রাপ্ত,brid̪.d̪ʰi.prap.t̪o,1
আপাতদৃষ্টিতে,a.pa.t̪o.d̪riʃ.ti.t̪e,1
স্থানচ্যুতি,st̪ʰan.cu.t̪i,1
অন্তরে,ɔn.t̪ɔ.re,1
দীপের,d̪i.per,1
উজ্জ্বলতা,uɟ.ɟɔ.lɔ.t̪a,1
কুজ্ঝটিকা,kuɟ.ɟʰo.ti.ka,1
কুয়াশা,ku.ʲa.ʃa,1
এহেন,e.hæ.no,1
অন্ততঃ,ɔn.t̪o.t̪o,1
বাঞ্ছনীয়,ban.cʰo.ni.ʲo,1
খট্বা,kʰɔt.ta,1
শয়ন,ʃɔ.ʲɔn,1
খাট,kʰat,1
কুট্মল,kut.mɔl,1
কুঁড়ি,kũ.ɽi,1
অকাট্য,ɔ.kat.t̪o,1
কাটা,ka.ta,1
বড্ড,bɔd.do,1
তাত্ত্বিক,t̪at̪.t̪ik,1
ড্যাবড্যাব,dæb.dæb,1
খড়্গ,kʰɔɽ.go,1
প্রতিশব্দ,pro.t̪i.ʃɔb.d̪o,1
তরবারি,t̪ɔ.ro.ba.ri,1
ঢ্যাঁড়শ,dʰæ̃.ɽ.ʃo,1
ডায়াবেটিস,da.ʲa.be.tis,1
নিয়ন্ত্রনে,ni.ʲon.t̪ro.ne,1
আলস্য,a.loʃ.ʃo,1
মন্থর,mɔn.t̪ʰor,1
গমনে,gɔ.mo.ne,1
লুণ্ঠ্যমান,lun.tʰo.man,1
অন্তঃপুরে,ɔn.t̪o.pu.re,1
পাণ্ড্য,pan.do,1
ভারতের,bʰa.ro.t̪er,1
পুণ্ড্র,pun.dro,1
বাংলার,baŋ.lar,1
জাতির,ɟa.t̪ir,1
ওনেক,o.nek,1
ঢুণ্ঢনের,dʰun.dʰɔ.ner,1
হিরণ্ময়,hi.rɔn.n.ɔʲ,1
স্বর্ণনির্মিত,ʃɔr.no.nir.mi.t̪o,1
খাঁটি,kʰã.ti,1
জিনিসের,ɟi.ni.ʃer,1
সর্ব,ʃɔr.bo,1
উৎকৃষ্ট,ut̪.kriʃ.to,1
আধারেই,a.d̪ʰa.rei̯,1
উৎখাত,ut̪.kʰat̪,1
কলেজ,kɔ.leɟ,1
গেটে,ge.te,1
উত্ত্যক্ত,ut̪.t̪ɔk.t̪o,1
অশ্বথ,ɔʃ.ʃɔt̪ʰ,1
উত্থান,ut̪.t̪ʰan,1
পতনের,pɔ.t̪o.ner,1
সাক্ষ্যি,ʃak.kʰi,1
উৎপল,ut̪.pɔl,1
বিক্রি,bik.kri,1
তিথি,t̪i.t̪ʰi,1
পড়লে,poɽ.le,1
ত্র্যহস্পর্শ,t̪ro.hɔ.spɔr.ʃo,1
কাৎলা,kat̪.la,1
মাছের,ma.cʰer,1
মুড়িধণ্ট,mu.ɽi.d̪ʰɔn.to,1
উৎসব,ut̪.ʃɔb,1
মূখর,mu.kʰɔr,1
পরিবেশে,po.ri.be.ʃe,1
পৃথ্বীরাজ,prit̪.t̪ʰi.raɟ,1
চৌধুরী,cou̯.d̪ʰu.ri,1
রাজা,ra.ɟa,1
থ্রু,t̪ʰru,1
আ,a,1
গ্লাস,glas,1
ডার্কলি,dark.li,1
সারসংক্ষেপ,ʃar.ʃɔŋ.kʰep,1
উদ্গার,ud̪.gar,1
ঢেকুর,dʰe.kur,1
তলাকে,t̪ɔ.la.ke,1
উদ্ঘাটন,ud̪.gʰa.ton,1
তদ্দ্বারা,t̪ɔd̪.d̪a.ra,1
গুরুকাজ,gu.ru.kaɟ,1
উদ্ভ্রান্তের,ud̪.bʰran.t̪er,1
এদিক,e.d̪ik,1
সেদিক,ʃe.d̪ik,1
দারিদ্র্যর,d̪a.rid̪.d̪ror,1
কষাঘাত,kɔ.ʃa.gʰat̪,1
ঢুকিয়ে,dʰu.ki.ʲe,1
অর্থগৃধ্নু,ɔr.t̪ʰo.grid̪ʰ.nu,1
গ্রাসে,gra.ʃe,1
উদরাধ্মান,ud̪.ra.d̪ʰãn,1
পেট,pet,1
ফাঁপা,pʰã.pa,1
জন্ম,ɟɔn.mo,1
ধ্রুব,d̪ʰru.bo,1
হান্ড্রেড,han.dred,1
লন্ঠন,lon.tʰɔn,1
গ্রামবাসী,gram.ba.ʃi,1
অগ্রসর,ɔg.gro.ʃɔr,1
অন্ত্যজ,ɔn.t̪o.ɟo,1
অন্ত্য,ɔn.t̪o,1
অ্যান্থ্রাক্স,æn.t̪ʰraks,1
স্বাতন্ত্র্য,ʃa.t̪on.t̪ro,1
অনিন্দ্য,ɔ.nin.d̪o,1
রুপ,rup,1
লিপ্সা,lip.ʃa,1
দ্বন্দ্বের,d̪ɔn.d̪er,1
প্র্যাকটিস,præk.tis,1
সম্প্রদায়কে,ʃɔm.pro.d̪aʲ.ke,1
বিজয়,bi.ɟɔʲ,1
ফ্লেভারের,pʰle.bʰa.rer,1
কেক,kek,1
কোনটা,kon.ta,1
মেম্ব্রেন,mem.bren,1
মস্তিষ্কের,mos.t̪iʃ.ker,1
সম্ভ্রম,ʃɔm.bʰrom,1
ম্লান,mlan,1
অতর্ক্য,ɔ.t̪ɔr.ko,1
তর্কের,t̪ɔr.ker,1
দ্বারা,d̪a.ra,1
মীমাংসা,mi.maŋ.ʃa,1
বর্গীয়,bor.gi.ʲo,1
বর্গ্য,bɔr.go,1
উভয়,u.bʰɔʲ,1
দ্বারায়,d̪a.raʲ,1
অলক্ষ্য,ɔ.lok.kʰo,1
অবর্ণ্য,ɔ.bɔr.no,1
মর্ত্যের,mɔrt̪.t̪er,1
অস্পর্শ্য,ɔs.por.ʃo,1
রানী,ra.ni,1
নৈর্ব্যক্তিক,noi̯r.bæk.t̪ik,1
সহজ,ʃɔ.hoɟ,1
ঔৎকর্ষ্য,ou̯t̪.kɔr.ʃo,1
সুরের,ʃu.rer,1
মূর্ছনা,mur.cʰo.na,1
গিরিবর্ত্ম,gi.ri.bɔr.t̪mo,1
এগুতে,e.gu.t̪e,1
কর্ত্রী,kor.t̪ri,1
পরিষ্কার,po.riʃ.kar,1
শুষ্ক,ʃuʃ.ko,1
কর্মীকে,kor.mi.ke,1
আর্দ্র,ar.d̪ro,1
স্কার্ফ,skarpʰ,1
অন্তর্দ্বারেই,ɔn.t̪or.d̪a.rei̯,1
জমির,ɟo.mir,1
আর্দ্রতা,ard̪.d̪ro.t̪a,1
এখুনি,æ.kʰu.ni,1
দুর্লভ,d̪ur.lɔbʰ,1
গাছটি,gacʰ.ti,1
দক্ষিন,d̪ok.kʰin,1
পার্শ্ব,par.ʃo,1
ছায়া,cʰaʲ.a,1
তালব্য,t̪a.lob.bo,1
পার্শ্বিক,par.ʃik,1
নৈকট্যধ্বনির,noi̯.kɔt.tod̪.d̪ʰo.nir,1
অন্তর্হিত,ɔn.t̪or.hi.t̪o,1
অদৃশ্য,ɔd̪.d̪riʃ.ʃo,1
কাশ্মীরের,kaʃ.mi.rer,1
গল্ফ,gɔlpʰ,1
উল্কা,ul.ka,1
বাড়াতে,ba.ɽa.t̪e,1
প্রগল্ভতা,pro.gɔl.bʰo.t̪a,1
লক্ষণ,lɔk.kʰɔn,1
গ্রীষ্মকালে,griʃ.ʃõ.ka.le,1
লতাগুল্ম,lɔ.t̪a.gul.mo,1
গুলো,gu.lo,1
শ্মশানেই,ʃɔ̃.ʃa.nei̯,1
রাষ্ট্র,raʃ.tro,1
অকালকুষ্মাণ্ড,ɔ.kal.kuʃ.ʃ.man.do,1
মূর্খ,mur.kʰo,1
ঔষ্ঠ্য,ou̯ʃ.tʰo,1
নিষ্ফল,niʃ.pʰɔl,1
নিষ্প্রয়োজন,niʃ.pro.ʲo.ɟon,1
রক্ষায়,rok.kʰaʲ,1
গার্হস্থ্য,gar.hos.t̪ʰo,1
বিজ্ঞানে,big.gæ̃.ne,1
বহিস্ত্বক,bo.his.t̪ok,1
প্লীহাকে,pli.ha.ke,1
কথ্য,kot̪.t̪ho,1
পিলে,pi.le,1
ইংরেজিতে,iŋ.re.ɟi.t̪e,1
স্প্লিন,splin,1
ঘাড়ে,gʰa.ɽe,1
বানরের,ba.no.rer,1
আস্ফালনে,aʃ.pʰa.lɔ.ne,1
সহস্র,ʃɔ.hos.sro,1
স্মৃতিমালা,srĩ.t̪i.ma.la,1
অপরাহ্ণের,ɔ.po.ran.hner,1
ব্রাহ্মণ,bram.mon,1
হ্রদের,hro.d̪er,1
স্থান,st̪ʰan,1
গাড়েন,ga.ɽen,1
ইলেক্ট্রর,i.lek.trɔr,1
শিখতে,ʃikʰ.t̪e,1
দিগ্বিজয়,d̪ig.bi.ɟɔʲ,1
যুদ্ধ,ɟud̪.d̪ʰo,1
জয়,ɟɔʲ,1
বায়ু,baʲ.u,1
তরঙ্গ,t̪ɔ.roŋ.go,1
অনুদৈর্ঘ্য,o.nu.d̪oi̯r.gʰo,1
তরঙ্গের,t̪ɔ.roŋ.ger,1
কাঙ্ক্ষণীয়,kaŋ.kʰo.ni.ʲo,1
যোগ্য,ɟog.go,1
বিশ্বকোষ,biʃ.ʃo.koʃ,1
বিজ্ঞানের,big.gã.ner,1
শাখার,ʃa.kʰar,1
আলোচ্য,a.loc.co,1
সংকলিত,ʃɔŋ.ko.li.t̪o,1
মনোবাঞ্ছা,mo.no.ban.cʰa,1
মনোস্কাম,mo.noʃ.kam,1
ট্যাক্সি,tæk.si,1
ভাড়ায়,bʰa.raʲ,1
যাত্রীবহনকারী,ɟat̪.t̪ri.bɔ.hon.ka.ri,1
ষাণ্মাসিক,ʃan.ma.ʃik,1
শ্রাদ্ধ,srad̪.d̪ʰo,1
পত্রিকা,pot̪.t̪ri.ka,1
বৈচিত্র্যে,boi̯.cit̪.t̪re,1
ভরপুর,bʰɔr.pur,1
থ্রি,t̪ʰri,1
ডেইজ,dei̯ɟ,1
এ্যাবসেন্ট,æb.sent,1
গ্রহণযগ্য,gro.hon.ɟog.go,1
বার্লি,bar.li,1
রোগীর,ro.gir,1
উপাদেয়,u.pa.d̪eo̯,1
বিল্ব,bilb,1
বেলফল,bel.pʰɔl,1
প্রগল্ভ,pro.gɔl.bʰo,1
আচরণই,a.cɔ.rɔn.i,1
শিরশ্ছেদের,ʃi.roʃ.cʰe.d̪er,1
জামদগ্ন্য,ɟam.d̪ɔg.no,1
জমদগ্নি,ɟɔm.d̪og.ni,1
মুনির,mu.nir,1
পরশুরাম,por.ʃu.ram,1
অম্লপিত্ত,ɔm.lo.pit̪.t̪o,1
অম্ল,ɔm.lo,1
পিত্তের,pit̪.t̪er,1
আধিক্য,a.dʰik.ko,1
জনিত,ɟɔ.ni.t̪o,1
অজীর্ণ,ɔ.ɟir.no,1
রোগ,rog,1
ধাপ্পা,d̪ʰap.pa,1
মন্ত্র,mɔn.t̪ro,1
পূণ্য,pun.no,1
কামান,ka.man,1
পথ্য,pot̪.t̪ʰo,1
জব্দ,ɟɔb.d̪o,1
আসামীকে,a.ʃa.mi.ke,1
সংযুক্ত,ʃɔŋ.ɟuk.t̪o,1
আবেদনপত্রটি,a.be.d̪on.pɔt̪.t̪ro.ti,1
জবাবের,ɟɔ.ba.ber,1
দৌরাত্ম্য,d̪ou̯.rat̪.t̪õ,1
দেখাবেন,d̪æ.kʰa.ben,1
সভ্য,ʃob.bʰo,1
বর্জ্য,bɔr.ɟo,1
ফেলুন,pʰe.lun,1
লক্ষ্মী,lok.kʰĩ,1
সারল্যতা,ʃa.rol.lo.t̪a,1
দেখিয়ো,d̪e.kʰi.ʲo,1
শীতকাল,ʃit̪.kal,1
উষ্ণ,uʃ.no,1
পুষ্টিকর,puʃ.ti.kɔr,1
আর্য,ar.ɟo,1
ব্যাকরণের,bæ.ko.ro.ner,1
নিয়মে,ni.ʲo.me,1
ঋষি,ri.ʃi,1
কর্তৃক,kor.t̪rik,1
স্বীকৃত,ʃik.ri.t̪o,1
গ্রীষ্ম,griʃ.ʃõ,1
বর্ষা,bɔr.ʃa,1
শরৎ,ʃɔ.rot̪,1
হেমন্ত,he.mon.t̪o,1
শীত,ʃit̪,1
বসন্ত,bɔ.ʃon.t̪o,1
ছয়টি,cʰɔʲ.ti,1
বিভাগ,bi.bʰag,1
নামেই,na.mei̯,1
ঋতু,ri.t̪u,1
ঋণমোচনের,rin.mo.co.ner,1
উত্তমর্ণের,ut̪.t̪o.mɔr.ner,1
নিকট,ni.kɔt,1
খাতকের,kʰa.t̪o.ker,1
স্বীকার,ʃi.kar,1
ঐতিহাসিক,oi̯.t̪i.ha.ʃik,1
ইতিহাস,i.t̪i.haʃ,1
সম্বন্ধীয়,ʃɔm.bon.d̪ʰi.ʲo,1
শতাব্দীর,ʃɔ.t̪ab.d̪ir,1
প্রাণরাঙা,pran.ra.ŋa,1
ঐকাত্ম্য,oi̯.kat̪.t̪õ,1
একাত্মতাকেই,e.kat̪.t̪õ.t̪a.kei̯,1
ঐকান্তিক,oi̯.kan.t̪ik,1
ঘনরাম,gʰɔ.no.ram,1
চক্রবর্তী,cok.ro.bor.t̪i,1
ঐক্যমত্য,oi̯k.ko.mot̪.t̪o,1
ঐককোমততো,oi̯.ko.ko.mɔt̪.t̪o,1
ঐচ্ছিক,oi̯c.cʰik,1
পাশির,pa.ʃir,1
গঠন,gɔ.tʰon,1
নৈশজাপনই,noi̯.ʃo.ɟa.pon.i,1
পাহারাদারের,pa.ha.ra.d̪a.rer,1
সমৃদ্ধি,ʃɔm.mrid̪.d̪ʰi,1
ভোগ,bʰog,1
বৈরাগ্য,boi̯.rag.go,1
মানব,ma.nob,1
প্রকার,pro.kar,1
বৈধর্ম্য,boi̯.d̪ʰɔr.mo,1
সম্বন্ধে,ʃɔm.mon.d̪ʰe,1
বিরুদ্ধ,bi.rud̪.d̪ʰo,1
মনোভাব,mo.no.bʰab,1
পোষণ,po.ʃon,1
হৈচৈ,hoi̯.coi̯,1
গোলমাল,gol.mal,1
চাকুরী,ca.ku.ri,1
অথৈ,ɔ.t̪ʰoi̯,1
অতঃপর,ɔ.t̪o.pɔr,1
পুনঃপুন,pu.nop.pun,1
দুঃখ,d̪uk.kʰo,1
অন্তরের,ɔn.t̪o.rer,1
অন্তঃস্থলকে,ɔn.t̪ost̪ʰɔl.ke,1
বিদীর্ণ,bi.d̪ir.no,1
স্বতঃস্ফূর্ত,ʃɔ.t̪os.pʰur.t̪o,1
আত্মদান,at̪.t̪õ.d̪an,1
বিরল,bi.rɔl,1
ফলাফল,pʰɔ.la.pɔl,1
পুনঃপ্রকাশ,pu.no.pro.kaʃ,1
সুতরাং,ʃu.t̪ɔ.raŋ,1
পুনঃপরীক্ষা,pu.nop.po.rik.kʰa,1
পুনঃপ্রবেশ,pu.no.pro.beʃ,1
ভাবিয়ে,bʰa.bi.ʲe,1
আদর্শের,a.d̪or.ʃer,1
পুনঃপ্রতিষ্ঠা,pu.no.pro.t̪iʃ.tʰa,1
অপরিহার্য,ɔ.po.ri.har.ɟo,1
ছবিটা,cʰo.bi.ta,1
উল্টো,ul.to,1
ধরুন,d̪ʰo.run,1
রশিটা,ro.ʃi.ta,1
বাঁধুন,bã.d̪ʰun,1
প্রতিবিম্ব,pro.t̪i.bim.bo,1
আয়নায়,aʲ.naʲ,1
দৈর্ঘ্য,d̪oi̯r.gʰo,1
ঠাট্টা,tʰat.ta,1
আসক্তি,a.ʃok.t̪i,1
পাখিদের,pa.kʰi.d̪er,1
বিহঙ্গকে,bi.hɔŋ.go.ke,1
আতঙ্কিত,a.t̪ɔŋ.ki.t̪o,1
বিঘ্ন,bigʰ.no,1
ঘটাবেন,gʰɔ.ta.ben,1
সদস্য,ʃɔ.d̪oʃ.ʃo,1
সংগঠনের,ʃɔŋ.gɔ.tʰo.ner,1
যুদ্ধে,ɟud̪.d̪ʰe,1
যোদ্ধা,ɟod̪.d̪ʰa,1
টেক্কা,tek.ka,1
তীক্ষ্ম,t̪ikʰ.no,1
কষো,kɔ.ʃo,1
শস্য,ʃɔʃ.ʃo,1
কাটুন,ka.tun,1
শিষ্যের,ʃiʃ.ʃer,1
ঊর্ধ্বে,ur.d̪ʰe,1
যন্ত্র,ɟɔn.t̪ro,1
বাদ্য,bad̪.d̪o,1
বাজান,ba.ɟan,1
পদ্য,pod̪.d̪o,1
দুর্গ,d̪ur.go,1
জঙ্গলে,ɟɔŋ.go.le,1
দরজায়,d̪ɔr.ɟaʲ,1
বদ্ধ,bɔd̪.d̪ʰo,1
রুদ্ধ,rud̪.d̪ʰo,1
মগ্ন,mɔg.no,1
অন্ন,on.no,1
যুক্ত,ɟuk.t̪o,1
খর্ব,kʰɔr.bo,1
বর্ণ,bɔr.no,1
ঘনত্ব,gʰɔ.not̪.t̪o,1
তেলের,t̪e.ler,1
শুভেচ্ছা,ʃu.bʰec.cʰa,1
প্রচ্ছন্ন,proc.cʰɔn.no,1
করেছিৃ,ko.re.cʰiri,1
পেয়েছিলান,pe.ʲe.cʰi.lan,1
শেষবাজার,ʃeʃ.ba.ɟar,1
বলবো,bol.bo,1
বাল্যকাল,bal.lo.kal,1
মরছি,mor.cʰi,1
যুগ্ম,ɟug.mo,1
বলতো,bol.t̪o,1
পুণ্যে,pun.ne,1
এইযে,ei̯.ɟe,1
শুভ্র,ʃub.bʰro,1
জামাটা,ɟa.ma.ta,1
পড়ছ,poɽ.cʰo,1
দেখেছ,d̪e.kʰe.cʰo,1
নালিস,na.liʃ,1
অখানেও,ɔ.kʰa.neo̯,1
পুরুষ,pu.ruʃ,1
তমাদেরই,t̪ɔ.ma.d̪er.i,1
বশ্যতায়,bɔʃ.ʃo.t̪aʲ,1
সবৃ,ʃɔ.bri,1
গাঁয়ে,gã.ʲe,1
রায়,raʲ,1
নায়,naʲ,1
তোরাৃ,t̪o.rari,1
সাঁতরায়,ʃãt̪.raʲ,1
ৃ,ir,1
ফিরতে,pʰir.t̪e,1
শোও,ʃoo̯,1
তমিৃ,t̪o.miri,1
ধোও,d̪ʰo.o,1
মন্দার,mɔn.d̪ar,1
মেঘমালা,megʰ.ma.la,1
ধূসর,d̪ʰu.ʃɔr,1
কালো,ka.lo,1
ছেয়ে,cʰe.ʲe,1
জলরাশির,ɟɔ.lo.ra.ʃir,1
জলের,ɟɔ.ler,1
রঙ,rɔŋ,1
ঘরোয়া,gʰɔ.ro.ʷa,1
মেয়েই,me.ʲei̯,1
খোঁজে,kʰõ.ɟe,1
অষ্টমত,ɔʃ.to.mɔ.t̪,1
পুনরায়,pu.no.raʲ,1
অষ্টমবার,ɔʃ.tɔm.bar,1
সাঁতারে,ʃã.t̪a.re,1
বিশ্বচ্যম্পিয়ন,biʃ.ʃo.cæm.pi.ʲon,1
পড়েই,pɔ.ɽei̯,1
চলেছ,co.le.cʰo,1
দেখছিস,d̪ekʰ.cʰiʃ,1
খেলছিস,kʰel.cʰiʃ,1
বিরক্ত,bi.rɔk.t̪o,1
ছড়িয়েছ,cʰo.ri.ʲe.cʰo,1
নিজে,ni.ɟe,1
দোষে,d̪o.ʃe,1
আক্রান্ত,ak.kran.t̪o,1
চিত্ত,cit̪.t̪o,1
রচনা,rɔ.co.na,1
ঈশ্বরচন্দ্র,iʃ.ʃɔr.cɔn.d̪ro,1
বিদ্যাসাগর,bid̪.d̪a.ʃa.gor,1
অজন্মা,ɔ.ɟɔn.ma,1
আনকোরা,an.ko.ra,1
ভায়োলেন্ট,bʰa.ʲo.lent,1
ননকোর,nɔn.kor,1
দলও,d̪ɔl.o,1
খুশী,kʰu.ʃi,1
আরক্ত,a.rok.t̪o,1
করতল,koro.t̪ɔl,1
রবীন্দ্রনাথ,ro.bin.d̪ro.nat̪ʰ,1
ঠাকুর,tʰa.kur,1
ঊনপঞ্চাশে,u.no.pɔn.ca.ʃe,1
পেয়েছে,pe.ʲe.cʰe,1
নৈলে,noi̯.le,1
জাহাঙ্গীরের,ɟa.haŋ.gi.rer,1
রামঠেলায়,ram.tʰe.laʲ,1
সচকিত,ʃɔ.co.ki.t̪o,1
হারুন,ha.run,1
সাহংকারের,ʃa.hoŋ.ka.rer,1
প্রাসাদ,pra.ʃad̪,1
খসি,kʰo.ʃi,1
সাইমুম,sai̯.mum,1
ঝড়ে,ɟʰɔ.ɽe,1
এরূপ,e.rup,1
সুকুমার,ʃu.ku.mar,1
হয়েও,ho.ʲeo̯,1
তপোবন,t̪ɔ.po.bon,1
দর্শন,d̪ɔr.ʃon,1
প্রতিষ্ঠার,pro.t̪iʃ.tʰar,1
অপক্ষয়ের,ɔ.pok.kʰɔ.ʲer,1
সম্ভাবনা,ʃɔm.bʰa.bo.na,1
অনুচ্চ,ɔ.nuc.co,1
তালেই,t̪a.lei̯,1
সর্বাঙ্গে,ʃɔr.baŋ.ge,1
আন্দোলন,an.d̪o.lon,1
চিত্তে,cit̪.t̪e,1
নিরতিশয়,ni.ro.t̪i.ʃɔʲ,1
ঔৎসুক্য,ou̯t̪.ʃuk.ko,1
জন্মিয়েছে,ɟon.mi.ʲe.cʰe,1
অধিভুক্ত,o.d̪ʰi.bʰuk.t̪o,1
প্রতিষ্ঠানের,pro.t̪iʃ.tʰa.ner,1
নিয়ন্ত্রণের,ni.ʲon.t̪ro.ner,1
প্রোতিক্ক্রিয়া,pro.t̪ik.kri.ʲa,1
কনো,kɔ.no,1
প্রয়োগের,proʲ.o.ger,1
ফলে,pʰɔ.le,1
ক্রিয়া,kri.ʲa,1
তাহার,t̪a.har,1
অতিক্ষণিক,o.t̪ik.kʰo.nik,1
জন্মগৃহবাসের,ɟɔn.mo.gri.ho.ba.ʃer,1
স্নেহময়,sne.ho.mɔʲ,1
স্মৃতিচিহ্ন,srĩ.t̪i.cin.ho,1
কাব্যগত,kab.bo.gɔ.t̪o,1
অভিজ্ঞা,o.bʰig.gã,1
অপিনিহিতি,ɔ.pi.ni.hi.t̪i,1
উ,u,1
যথাস্থানের,ɟɔ.t̪ʰas.t̪ʰa.ner,1
পূর্বে,pur.be,1
প্রবণতা,pro.bo.nɔ.t̪a,1
নিমঘি,nim.gʰi,1
নিমের,ni.mer,1
রস,rɔʃ,1
সহযোগে,ʃɔ.ho.ɟo.ge,1
একপ্রকার,æk.pro.kar,1
অঘাকান্ত,ɔ.gʰa.kan.t̪o,1
থাকলি,t̪ʰak.li,1
বক্ত্র,bɔk.t̪ro,1
ক্বণ,kɔn,1
রুক্মিণী,ruk.mi.ni,1
ইক্ষ্বাকু,ikʰ.ba.ku,1
সৌক্ষ্ম্য,ʃou̯.kʰõo,1
সূক্ষ্মতা,ʃuk.kʰõ.t̪a,1
অঙ্ঘ্রি,ɔŋ.gʰri,1
বাঙ্ময়,baŋ.mɔʲ,1
যাচ্ঞা,ɟac.cã,1
চ্বী,ci,1
ঝঞ্ঝনা,ɟʰɔn.ɟʰo.na,1
জাড্য,ɟad.do,1
আঢ্য,ad.dʰo,1
মেঢ্র,med.dʰro,1
ঢুণ্ঢন,dʰun.dʰɔn,1
কণ্ব,kɔn.no,1
ন্যুব্জ,nub.ɟo,1
কম্প্র,kɔm.pro,1
অর্চ্য,ɔr.co,1
দুর্জ্ঞেয়,d̪ur.gæ̃.ʲo,1
আনুপূর্ব্য,a.nu.pur.bo,1
নৈষ্কর্ম্য,noi̯ʃ.kɔr.mo,1
কোর্ফা,kor.pʰa,1
দার্ঢ্য,d̪ard.dʰo,1
বল্কল,bɔl.kɔl,1
যাজ্ঞবল্ক্য,ɟag.gõ.bɔl.ko,1
অকিল্বিষ,ɔ.kil.biʃ,1
অকল্মষ,ɔ.kɔl.moʃ,1
মাতৃষ্বসা,mat̪.t̪riʃ.ʃ.o.ʃa,1
অগস্ত্য,ɔ.gɔs.t̪o,1
স্ফোটন,spʰo.ton,1
প্রকাশন,pro.ka.ʃon,1
পরাঙ্মুখ,pɔ.raŋ.mukʰ,1
