word,freq
না,251
করে,127
আমার,123
তার,122
এই,106
সে,91
আমি,84
আর,77
থেকে,72
কী,67
হয়,65
হয়ে,59
তো,59
জন্য,56
একটা,55
কোনো,55
নিয়ে,54
কথা,50
তাদের,47
দিয়ে,46
ও,45
যে,43
হলো,43
করুন,43
তাকে,40
বড়,39
হবে,39
গেল,37
এখন,37
তিনি,37
নেই,36
সাথে,36
কিন্তু,35
করতে,34
অনেক,34
যায়,33
আজ,32
আছে,32
তারা,32
কিছু,32
আমাকে,30
বলে,30
খুব,29
ছিল,29
মনে,29
গিয়ে,28
যেন,28
পর,27
এমন,27
তুমি,27
আমাদের,27
মতো,27
সব,26
এত,26
এক,25
দুই,25
আবার,24
দিন,24
কাছে,23
তখন,23
শুরু,23
ছোট,23
বা,23
থাকে,22
চলে,22
কি,22
তোমার,22
মধ্যে,22
হয়েছে,22
বসে,22
বাড়ি,22
এসে,21
এসব,21
সময়,21
কাজ,21
ভালো,21
নয়,21
বের,21
বাড়ির,21
পারে,20
পড়ে,20
বাবা,20
বলতে,20
মানুষ,20
আপনার,20
বাইরে,20
গেছে,19
তাই,19
করা,19
শেষ,19
যদি,19
তা,18
উপর,18
শুধু,18
বাবার,18
এর,18
যাওয়ার,18
আগে,17
দেখি,17
এবং,17
নাকি,17
সেই,17
হতে,17
যা,17
গাড়ি,17
অন্য,16
দিতে,16
ওকে,16
ভয়,16
ধরে,16
কেউ,16
দেখে,15
উঠে,15
করলাম,15
নিজের,15
বাসায়,15
হাজার,15
এ,15
ঘুম,14
যাবে,14
হঠাৎ,14
সারাদিন,14
মা,14
করার,14
পাশের,14
বেশ,14
বউ,14
তোমরা,14
যেতে,13
যখন,13
আরও,13
একটু,13
থাকবে,13
কয়েক,13
এবার,13
দেখতে,12
ভাবতে,12
শুনে,12
করবেন,12
দেওয়া,12
তাহলে,12
আপনি,12
মনের,12
কত,12
আজকে,12
বিভিন্ন,12
বলল,11
নিতে,11
ওর,11
কোথাও,11
ঘরে,11
দিকে,11
পাওয়া,11
সবাই,11
থাকতে,11
করল,11
নতুন,11
মাথা,10
যাচ্ছে,10
উঠল,10
সুন্দর,10
হাত,10
মাঝে,10
খারাপ,10
পরে,10
বেরিয়ে,10
ভিতর,10
হাতে,10
তিন,10
ফোন,10
দাঁড়িয়ে,10
কেন,10
বৃষ্টি,10
মুখে,10
সবসময়,10
আপনাদের,10
মাছ,10
দিল,10
একটি,10
এরপর,10
একাই,10
নারিকেল,10
গাছ,10
দেখল,10
শাশুড়ির,10
অর্থ,10
শব্দের,10
মেনে,9
পুরো,9
তাকিয়ে,9
আসতে,9
পাঁচ,9
ফিরে,9
বললেন,9
ভেবে,9
তবে,9
একজন,9
বলেন,9
কীভাবে,9
মানুষের,9
দেশের,9
পর্যন্ত,9
গেলে,9
সামনে,9
করব,9
পরের,9
ভেঙে,9
চাচা,9
সকালে,9
করেছে,9
মানে,9
দেখলাম,9
হারিয়ে,9
হচ্ছে,9
বিয়ের,9
করো,9
চোখ,9
হোন,9
বোঝায়,9
চা,8
তুই,8
মাথায়,8
পাশে,8
হয়তো,8
মাত্র,8
সাত,8
হওয়ার,8
চেষ্টা,8
মিষ্টি,8
জানান,8
এরা,8
কখনো,8
সাধারণ,8
বাড়িতে,8
ঠিক,8
করবে,8
কেবল,8
অবস্থা,8
মুখ,8
গেলাম,8
কারণ,8
দেশে,8
পেয়ে,8
এগুলো,8
সমুদ্রের,8
বাজারে,8
দেখান,8
ভাইয়া,7
মেলে,7
ছেড়ে,7
মন,7
মাস,7
থেকেই,7
বুঝলাম,7
সবচেয়ে,7
তৈরি,7
ভরে,7
বলা,7
প্রতিদিন,7
বারো,7
চেয়ে,7
খেয়ে,7
করেন,7
যত,7
সেটা,7
অবশ্য,7
জানে,7
এটা,7
দেখা,7
সম্ভব,7
তুলে,7
কিছুই,7
গত,7
ছেলে,7
ফেরার,7
জীবনের,7
উঠতে,7
বাস,7
ট্রেন,7
বন্ধ,7
শব্দ,7
জীবন,7
বলছি,7
দায়িত্ব,7
প্রথম,7
এখানে,7
সকাল,6
রূপ,6
ছিলাম,6
রাগ,6
করেই,6
রেজাল্ট,6
রাত,6
কষ্ট,6
দেওয়ার,6
কারো,6
হচ্ছিল,6
সবাইকে,6
রুম,6
বেঁচে,6
জানি,6
করি,6
পায়,6
প্রিয়,6
বাবাকে,6
এখনো,6
মধ্যেই,6
করতেই,6
ভাবি,6
লাগে,6
আপনারা,6
সাদা,6
করলেন,6
শরীর,6
খেতে,6
হলাম,6
চলবে,6
করত,6
পছন্দ,6
জ্ঞান,6
ত্রাণ,6
সাহায্য,6
বছর,6
আসে,6
দিয়েছে,6
বাসা,6
লাগছে,6
যাবেন,6
বেশি,6
তারপর,6
হওয়া,6
রাতে,6
দাও,6
স্যার,6
যান,6
সমস্যা,6
গাছের,6
গা,6
বাংলা,6
হতো,6
রয়েছে,6
হয়নি,6
শাশুড়ি,6
নাম,6
বস,6
লিখুন,6
মনটা,5
চোখে,5
খেয়াল,5
গুছিয়ে,5
আসলে,5
সারা,5
পারিনি,5
কথায়,5
নিচে,5
ওঠে,5
পেলাম,5
নিজেকে,5
দরজা,5
বিছানায়,5
খোলা,5
আকাশ,5
কখন,5
পানি,5
জায়গা,5
তেমন,5
মেয়ে,5
সত্য,5
গান,5
তাও,5
দোয়া,5
সেগুলো,5
পার,5
কেটে,5
দিলাম,5
কেমন,5
আছেন,5
পান,5
সবার,5
ওদের,5
কে,5
সাহস,5
কম,5
ইচ্ছা,5
মজার,5
পা,5
দেন,5
নেয়,5
পৌঁছাতে,5
খালি,5
সবই,5
এতে,5
নিউজ,5
বাঁধ,5
বই,5
নিজেদের,5
খুবই,5
ফেসবুকে,5
টাকা,5
চাই,5
নীল,5
গাড়ির,5
আগেই,5
দিলেন,5
ছাড়া,5
ফোনটা,5
দ্রুত,5
তোমাকে,5
মিলে,5
আগামীকাল,5
ক্লাসে,5
প্রশ্ন,5
পড়ল,5
নৌকা,5
দূর,5
তর্ক,5
ফেসবুক,5
জানতে,5
হয়েছিল,5
মায়ের,5
রেখে,5
দেখার,5
জন,5
ছেলেটা,5
বিয়ে,5
লেখাপড়া,5
গ্রামে,5
শহর,5
হলে,5
যাও,5
কর,5
চাকরি,5
ভুল,5
বাজাও,5
জলদি,5
কাপ,4
ছাদে,4
বসলাম,4
সূর্য,4
শান্ত,4
পৃথিবীর,4
সৌন্দর্য,4
আমিই,4
চায়,4
পারতাম,4
একদিন,4
খাবার,4
ভুলে,4
কিছুক্ষণ,4
সহ্য,4
ভয়ে,4
ঘুমিয়ে,4
পারবে,4
শুয়ে,4
ঝড়ের,4
বেগে,4
বুঝে,4
বাকি,4
কথাগুলো,4
যেমন,4
ঘর,4
শুনতে,4
মিনিট,4
এভাবে,4
ওই,4
খুলে,4
দেখাই,4
নামে,4
কোথায়,4
দেয়,4
সমস্ত,4
ভাবতেই,4
ভালোভাবে,4
বৃষ্টিতে,4
বোনকে,4
খেলা,4
রাস্তার,4
ডেকে,4
কোটি,4
যাব,4
হাসি,4
মেয়েরা,4
এখনই,4
চল,4
বাঁধের,4
কলা,4
সেখানে,4
পালন,4
দেরি,4
চলছে,4
আলো,4
হাঁটতে,4
নিবেন,4
তে,4
পনেরো,4
ইত্যাদি,4
ঘরের,4
এদের,4
দাবী,4
চোখের,4
থাকা,4
পাশেই,4
বাজার,4
ওপাশ,4
থাকলে,4
বলার,4
সুযোগ,4
হোক,4
বলেই,4
আমরা,4
জিজ্ঞেস,4
রাখার,4
স্টেশন,4
স্টেশনমাস্টার,4
পড়তে,4
পদক্ষেপ,4
প্রাণ,4
পরামর্শ,4
পরীক্ষা,4
ভিন্ন,4
পদ্মার,4
পাড়ে,4
বার,4
পিছনে,4
সিটে,4
লাগানো,4
দূরে,4
লাল,4
মহালয়া,4
রান্না,4
পাশ,4
খেলে,4
বাদ,4
যারা,4
থাক,4
মানুষকে,4
যদিও,4
খাতায়,4
যাক,4
করেছিল,4
চার,4
জেলেদের,4
ব্যবহার,4
ভেসে,4
বজায়,4
ডাকতে,4
পড়া,4
নিরাপদ,4
দেখুন,4
বউয়ের,4
রাগী,4
আম্মা,4
পৌঁছে,4
বৌমা,4
বউকে,4
ক্ষেত,4
চারা,4
লাগাবে,4
করোনা,4
দৃষ্টি,4
আলাদা,4
কাল,4
টিম,4
প্রাচীন,4
টান,4
অবিশ্বাস্য,4
নেওয়া,4
তাঁদের,4
খোঁজ,4
থাকুন,4
তোমাদের,4
ডাকুন,4
মাঠে,4
ফেলে,4
রোগীকে,4
সহমর্মিতা,4
কিনুন,4
নাই,4
নিষ্পাপ,3
রঙের,3
পৃথিবী,3
জানাতে,3
ঘোর,3
ঠান্ডা,3
ফিরল,3
রে,3
কোন,3
পরিশ্রম,3
করলে,3
সান্ত্বনা,3
নেমে,3
পাখি,3
পারি,3
গিয়েছিলাম,3
কান্না,3
পারছিলাম,3
রইলাম,3
বারবার,3
শূন্য,3
খুশি,3
জীবনে,3
এসেছে,3
অনুভব,3
ঘুরে,3
থাকার,3
অনুপ্রেরণা,3
গর্ব,3
একসাথে,3
নাস্তা,3
করেছেন,3
কথাটা,3
কতটা,3
দশ,3
কেজি,3
উচিত,3
ঘণ্টা,3
আম্মু,3
পাই,3
বিশ্বাস,3
অসম্ভব,3
পেতে,3
যাইহোক,3
জানিয়ে,3
সম্ভবত,3
চলাচল,3
যাচ্ছিল,3
শুকিয়ে,3
নে,3
অপেক্ষা,3
আওয়াজ,3
প্রশ্নের,3
এতকিছু,3
থাকেন,3
বিশ্রাম,3
নেন,3
বলবেন,3
হলেন,3
গল্প,3
খবর,3
ব্যস্ত,3
টানা,3
পানিতে,3
করছে,3
করছিল,3
নির্দেশ,3
বোনের,3
রাস্তায়,3
ভিজে,3
যেই,3
উফ,3
ব্যথা,3
নেতা,3
পৌঁছায়,3
আরেকটু,3
জানায়,3
নিল,3
ছিলেন,3
নিচু,3
পড়লাম,3
বরং,3
ধারণা,3
গরম,3
বংশের,3
ঘুরতে,3
পারল,3
অনুরোধ,3
শুনবেন,3
বলেছিলেন,3
আসন,3
বোধহয়,3
আছি,3
চারিদিকে,3
এলাকায়,3
বিপর্যস্ত,3
মজবুত,3
মন্ত্রী,3
আসবে,3
পকেট,3
তেলাপিয়া,3
অভাব,3
হলেও,3
তাতে,3
বুঝি,3
প্রথমে,3
ছাতাটা,3
খাতা,3
পারলে,3
সংসারের,3
এইসব,3
দেশ,3
পাড়ি,3
তুলনায়,3
উপায়,3
হায়,3
যাই,3
বিপদ,3
যেত,3
যাচ্ছি,3
দক্ষিণ,3
জনপদ,3
তবুও,3
খিচুড়ি,3
দল,3
আসা,3
ছবি,3
সরকারের,3
দাবি,3
পারেনি,3
নেবে,3
আগেও,3
দেখেছে,3
অধিকার,3
খেটে,3
খাওয়া,3
পরিবার,3
গাড়িটা,3
দেখলেন,3
খেল,3
ড্রাইভার,3
কল,3
ফ্রি,3
জরুরী,3
তখনও,3
পড়ালেখা,3
শোনো,3
এদিকে,3
যাচ্ছ,3
বন্ধু,3
সেদিন,3
হিসেবে,3
স্টেশনে,3
সম্মান,3
নেওয়ার,3
বাসে,3
যাওয়া,3
কথাই,3
আসার,3
বিষয়ে,3
গ্রহণ,3
রাখা,3
হারানোর,3
সবকিছু,3
নদী,3
চড়ে,3
প্রায়,3
দুটো,3
চারপাশে,3
পাওয়ার,3
যেখানে,3
দিদি,3
শাড়ি,3
দিয়েছিলেন,3
প্রথা,3
অফিসের,3
নিলাম,3
একুশে,3
শুভ,3
স্ট্যাটাস,3
লাঙ্গল,3
ক্ষ্যাত,3
মতে,3
ঘটনা,3
ব্যক্তিগত,3
উপস্থিত,3
উদাহরণ,3
কিশোরের,3
বললেই,3
সাগরে,3
ধরতে,3
মাঝ,3
সমুদ্রে,3
সাগরের,3
ঢেউ,3
লড়াকু,3
মিডিয়া,3
রিপোর্ট,3
পড়েছে,3
মানুষগুলোকে,3
অসীম,3
বাধ্য,3
জানা,3
পরিবারের,3
বলেছিল,3
লাগাতে,3
চাইল,3
বেঁধে,3
ভাসিয়ে,3
সমান,3
ডাক,3
পঞ্চাশ,3
জেলে,3
সাড়া,3
চেয়েছিল,3
নিশ্চয়তা,3
খবরটা,3
কঠিন,3
শাশুড়িকে,3
গলায়,3
ঘুরিয়ে,3
জি,3
উত্তর,3
গহনা,3
আনতে,3
মৃত্যু,3
অথচ,3
ছয়,3
মহামারি,3
ঘণ্টার,3
সবজি,3
পড়েছিলাম,3
মাংশ,3
পানির,3
স্ত্রী,3
শক্ত,3
মুক্তি,3
আশেপাশের,3
আশা,3
যাতে,3
সারি,3
ক্ষেতের,3
বেগুনের,3
বিষয়,3
শুনলাম,3
ছুটি,3
চিন্তা,3
চাপ,3
অসাধারণ,3
ভাঙল,3
ই,3
স্পটে,3
“,3
রাখুন,3
সকলের,3
নিন,3
মাধ্যমে,3
সরে,3
বেলে,3
দিচ্ছি,3
সেঁকে,3
উচ্চারণ,3
ছাড়ুন,3
থামান,3
প্রতি,3
দেখ,3
পাতায়,3
নাও,3
মেয়েদের,3
অংশ,3
হও,3
নারী,3
হল,3
অতি,3
লক্ষ্য,3
দায়,3
ভেঙ্গে,2
ফ্রেশ,2
সৌন্দর্যের,2
অপরূপ,2
লালচে,2
কমলা,2
আভা,2
ছড়িয়ে,2
সগৌরবে,2
আবির্ভাবের,2
নত,2
অভিবাদন,2
বললাম,2
দেবে,2
টেনশনে,2
ঘুমাতে,2
বুলিয়ে,2
করিস,2
তোর,2
ব্যালকনিতে,2
খাঁচা,2
কখনও,2
মায়া,2
আটকাতে,2
আশেপাশে,2
আরেকটা,2
কোনোভাবেই,2
মেরে,2
গুমড়ে,2
বাইরের,2
চেনে,2
অজানা,2
পড়ি,2
টের,2
পাইনি,2
সন্ধ্যায়,2
অভ্যাসবশত,2
খাঁচার,2
অবাক,2
খুশিতে,2
এলো,2
হাতটা,2
ঘাটতি,2
দুঃশ্চিন্তা,2
যাদের,2
প্রচলিত,2
যেসব,2
ভাগ্যবতী,2
জানালেন,2
পাঠিয়েছেন,2
কিনতে,2
পাবলিশড,2
আত্মীয়,2
আম্মুর,2
অভিযোগ,2
প্রবেশ,2
গেলেন,2
পাচ্ছিলাম,2
স্মরণ,2
করিয়ে,2
দশমিক,2
পরেই,2
প্রতিটি,2
সেকেন্ড,2
সেকেন্ডের,2
প্রবাহিত,2
বেড়ে,2
বুকের,2
বলদ,2
দরজার,2
বারান্দায়,2
স্বাদ,2
একা,2
ভক্তকে,2
দিতেই,2
মুগ্ধ,2
হই,2
কাকে,2
কাছ,2
ভক্ত,2
ভালোবাসা,2
জানেন,2
রাখেন,2
নিয়েই,2
ভেবেই,2
ফেললাম,2
আকাশে,2
পরিবেশ,2
আশ্বিন,2
শুভ্রতা,2
রাখে,2
চারপাশের,2
মেঘে,2
কাশফুলের,2
ভালোবাসার,2
চারপাশ,2
কঠোর,2
একগাদা,2
ঔষধ,2
আমারও,2
আসি,2
বৃষ্টির,2
ডাল,2
দিয়েছি,2
আছাড়,2
মেজাজ,2
লাগল,2
চোর,2
চোরের,2
বংশধর,2
বাজেট,2
বিনা,2
বাক্য,2
অনুদান,2
চললে,2
কখনোই,2
বাম,2
টা,2
পেয়েছি,2
রাগে,2
ফুসতে,2
অন্যের,2
বুদ্ধি,2
নিষেধ,2
কাউকে,2
তাহলেই,2
চিৎকার,2
মাকে,2
হতেই,2
রসিয়ে,2
গেছি,2
মহাখুশি,2
হতবাক,2
দেই,2
পায়ে,2
তেল,2
মাসে,2
দেখিনি,2
বাতি,2
সপ্তাহে,2
জমিদার,2
এসেছিলাম,2
এরকম,2
মজা,2
সহকারে,2
আনন্দের,2
জ্ঞানের,2
অন্বেষণ,2
আমায়,2
পথ,2
কয়েকজন,2
উপদেশ,2
বসুন,2
এখানকার,2
অর্থনৈতিক,2
বুক,2
বেধে,2
প্রশাসন,2
সরকারি,2
এমপি,2
ধাপে,2
পলি,2
মাটির,2
বন্যায়,2
লাভ,2
বাঁচাতে,2
সরকার,2
ব্যবসা,2
এলাকার,2
চাষিরা,2
ঘেরে,2
চাষ,2
এমনিতেই,2
সংসার,2
লোন,2
ভুগতে,2
কিছুদিন,2
আসল,2
মূর্তিমান,2
বিভিষিকা,2
গুণ,2
উপরে,2
ঢুকে,2
কেউই,2
বাতাস,2
বইছে,2
ইস্,2
বলতেই,2
আয়,2
ছাতা,2
রিকশা,2
আট,2
উনিশ,2
পোস্ট,2
মানুষগুলোর,2
অবস্থান,2
বলেছেন,2
জানিয়েছেন,2
ঠিকই,2
জনগণের,2
ক্ষণস্থায়ী,2
তাসের,2
নির্বাচনের,2
খুঁজে,2
টেকসই,2
প্রহসন,2
দেয়ালে,2
পিঠ,2
ঠেকে,2
বাংলাদেশ,2
জীবিকা,2
উপার্জন,2
জানিয়েছে,2
প্রাণের,2
কিনেছেন,2
শোনা,2
জল,2
মুছে,2
যেটা,2
দিনই,2
চালান,2
লোকের,2
জরিমানা,2
পুলিশ,2
লোক,2
কদর,2
চাচার,2
পেয়েছেন,2
স্ক্রিনে,2
চমকে,2
উঠলাম,2
রিসিভ,2
দিয়েই,2
অবশ্যই,2
ক্যান্টিনের,2
জানাতেই,2
চেপে,2
খাচ্ছে,2
দেখেই,2
দুজনেই,2
সম্পর্ক,2
শোনার,2
বাড়িয়ে,2
শরীরের,2
প্রায়ই,2
বর্ণনা,2
দুজন,2
বনের,2
বন্ধুর,2
গাইতে,2
মাস্টার,2
যোগদান,2
স্নেহ,2
রংপুরে,2
শাক,2
আসেন,2
তামাক,2
ক্লাস,2
ডিন,2
স্যারের,2
অসুস্থ,2
ধাতস্থ,2
কারণটা,2
ব্যাখ্যা,2
সেজন্য,2
লাগবে,2
পারছেন,2
চিবোতে,2
তথা,2
আসবেন,2
নেতাদের,2
আমিও,2
নির্দিষ্ট,2
সময়ে,2
এ্যাসাইনমেন্ট,2
পরবর্তীতে,2
দুশ্চিন্তায়,2
আশ্বস্ত,2
হাতের,2
দেখলে,2
গেছেন,2
বিশাল,2
জলরাশি,2
বয়ে,2
চলা,2
মোটর,2
রেল,2
ব্যাপার,2
ড্রাইভিং,2
পার্ক,2
নদীর,2
ভিতরটা,2
প্রমাণ,2
ধীরে,2
ডাকাডাকিতে,2
পাড়,2
সিঁদূর,2
কপালে,2
ছড়ানো,2
দেবী,2
অফিসে,2
ভোরে,2
দাদাবাবু,2
এছাড়া,2
উদ্দেশ্যে,2
শিক্ষিত,2
মানা,2
সময়ও,2
নিয়ম,2
ঘড়ির,2
এলিয়ে,2
স্ক্রলিং,2
অন,2
কয়েকটা,2
জমা,2
ম্যাসেঞ্জার,2
ওপেন,2
মহালয়ার,2
শুভেচ্ছাবার্তা,2
দিচ্ছে,2
ফেব্রুয়ারি,2
হতাশ,2
ভাই,2
জুড়ে,2
আপডেট,2
টন,2
ট্রেন্ডে,2
ট্রেন্ড,2
ভাইরাল,2
এজন্য,2
ফল,2
নই,2
উপাধি,2
বিশেষ,2
একান্তই,2
ছি,2
খেলার,2
অনুমতি,2
চায়নি,2
যোগ্যতা,2
ছিনিয়ে,2
বসেই,2
দিনশেষে,2
স্কুলে,2
শুনেছি,2
ছোটো,2
অঞ্চল,2
পদে,2
মুহূর্তে,2
বুকে,2
ভয়াবহ,2
পাড়ায়,2
সংখ্যা,2
হয়েই,2
কার্যকর,2
সাহসীকতার,2
দিয়েছিল,2
থাকলেও,2
স্কুল,2
হাল,2
নামক,2
সমুদ্র,2
কেড়ে,2
নিয়েছে,2
রোজ,2
পেত,2
পরিবারকে,2
চেয়েছিলাম,2
ভাষায়,2
দাঁড়,2
ফোঁশকা,2
কিশোর,2
লাইফ,2
সাপোর্ট,2
প্রয়োজন,2
বিপদের,2
বাঁচানোর,2
কাজে,2
ছেলেবেলায়,2
শুকনো,2
হালকা,2
অল্প,2
ক্রসের,2
থাকত,2
ভারী,2
কর্কশিট,2
নৌকার,2
রাখত,2
পাটাতন,2
মহাজনের,2
ট্রলারের,2
মোট,2
ট্রলারে,2
যাত্রা,2
কাছাকাছি,2
পাড়ের,2
জেলেরা,2
শ্রদ্ধা,2
আগ,2
কিছুদিনের,2
ঈদ,2
শিক্ষা,2
শেখা,2
কিছুতেই,2
ছেলের,2
শুনেছিল,2
ভেবেছিল,2
যুগের,2
উপার্জনের,2
খবরদারি,2
রুমে,2
একবারও,2
ওরা,2
বাগান,2
পুকুর,2
জমি,2
দেখাতে,2
বৌমাকে,2
বাগানে,2
বুঝতে,2
গহনাগুলো,2
অথবা,2
জনপ্রিয়,2
বয়সেই,2
বুকটা,2
ছ্যাৎ,2
নামকরা,2
অঙ্ক,2
বিপর্যয়,2
সিদ্ধান্ত,2
খামারে,2
করায়,2
তাকাতেই,2
মুখের,2
ঝুকে,2
রুমের,2
গুলিয়ে,2
পারলাম,2
শক্তি,2
ঘাবড়ে,2
বিছানা,2
দৌড়ে,2
উঠোনে,2
অনাহারী,2
রেখেছে,2
ঘুমের,2
গোঁ,2
জড়িয়ে,2
আদায়,2
মুক্তির,2
মজুদ,2
আগের,2
প্রকৃত,2
সুখ,2
ধানের,2
জমিতে,2
মাঠের,2
অজুহাত,2
গেলো,2
শ্বশুর,2
ছেলেরা,2
ফাইনাল,2
স্বামীকে,2
পরীক্ষার,2
প্রস্তুতি,2
পারবেন,2
বলেছে,2
ইন্টারভিউ,2
বলেছি,2
যেহেতু,2
এইবার,2
লিখিত,2
রান,2
তোলার,2
অন্যদের,2
খেলতে,2
ইনিংস,2
দিনের,2
বিশেষণে,2
বিশেষায়িত,2
ওভার,2
উত্তেজনা,2
দুর্দান্ত,2
পয়েন্ট,2
ধুয়ে,2
পুত্র,2
কাটিয়ে,2
শুনতাম,2
অবলোকন,2
অভিজ্ঞতা,2
ইনিংসটাই,2
খেললেন,2
পরপর,2
ম্যাচের,2
কিক,2
কারণে,2
ম্যাচে,2
দাম,2
সোনার,2
ব্যবহৃত,2
জিনিস,2
তারকা,2
কালের,2
খবরের,2
ফোনের,2
দোস্ত,2
রাতের,2
শিবুকে,2
মন্দ,2
চাদরে,2
কাঁপা,2
ভাইয়ের,2
যায়নি,2
সন্তানেরা,2
আমারই,2
ভালোই,2
দাদা,2
শুনছি,2
উনি,2
রুমটা,2
ঘরটা,2
পেতাম,2
স্কোর,2
শো,2
একদিনে,2
সাধনা,2
ক্ষুদ্র,2
সম্পদ,2
জানাও,2
এটাই,2
ঘ্রাণ,2
এটার,2
থাকো,2
কাজটা,2
সুস্থ,2
চান,2
সকালের,2
প্রাতরাশ,2
শক্তিবর্ধনীয়,2
ঠেলে,2
বকে,2
ধাক্কা,2
অনুষ্ঠানটি,2
উপস্থাপনা,2
ব্যাপারে,2
হবেন,2
পড়ুন,2
নিমন্ত্রণ,2
আন্তরিকতা,2
অতিথিকে,2
দুর্নাম,2
আন্তরিক,2
ভণ্ডামি,2
ডাক্তার,2
তাড়াতাড়ি,2
নির্দয়,2
আজই,2
সার্টিফিকেট,2
তুলুন,2
কম্পিউটার,2
আনন্দিত,2
ভর্ৎসনা,2
অম্লান,2
তন্ময়,2
আক্কেল,2
তুলেছে,2
অনাঘ্রাত,2
হিন্দুধর্ম,2
ব্রহ্ম,2
আগুন,2
ষণ্নবতি,2
সস্ত্রীক,2
নক্ষত্রের,2
ধরা,2
যার,2
মোবাইলটা,2
রাখ,2
লেখাটা,2
পড়,2
বল,2
উনত্রিশ,2
নম্বর,2
পৃষ্ঠা,2
খোল,2
নয়ত,2
বেলা,2
ঘুমিয়েছিস,2
ওঠ,2
চুপ,2
শোন,2
মনযোগ,2
লিখ,2
খাবি,2
ভাব,2
বোতল,2
কিন,2
ধর,2
ফেল,2
নয়তো,2
সর,2
লুচিগুলো,2
বেল,2
পায়েশটা,2
ঢাক,2
সুখে,2
নাচ,2
হাঁট,2
বেচ,2
আসছি,2
এইখানে,2
চেয়ারটা,2
ওদিকে,2
তীক্ষ্ণ,2
রাখতে,2
ভাগ্য,2
গ্রহ,2
স্বাস্থ্য,2
ঘি,2
রোগের,2
আকাঙ্ক্ষা,2
তৎপর,2
সম্পন্ন,2
রন্ধ্রে,2
দাসত্ব,2
বৈশিষ্ট্য,2
গুরুত্বপূর্ণ,2
বর্গ,2
বাংলায়,2
খাদ্য,2
ধর্ম,2
কোর্টে,2
প্রয়োগ,2
শুদ্ধ,2
ঐক্যমত,2
উপন্যাস,2
ঐতিহ্য,2
লিখেছেন,2
মাপুন,2
মুক্ত,2
বানান,2
দলে,2
ভাগ,2
রাজ্যে,2
শঙ্খ,2
কুঞ্জ,2
সাজাও,2
গাইবে,2
যত্ন,2
কণ্ঠের,2
বেশী,2
পত্র,2
হাই,2
আড়মোড়া,2
নন,2
বারে,2
সমচ্চারিত,2
তালিকা,2
অজ্ঞাত,2
অবজ্ঞাত,2
তুচ্ছ,2
বহুদিন,1
ভোরের,1
মোহনিয়া,1
হার,1
লাগা,1
সম্বিত,1
ভাইয়ার,1
ডাকে,1
দিক,1
পূর্বদিক,1
উঠেছে,1
পড়েছি,1
বিসিএসের,1
ভাইভার,1
এগিয়ে,1
টেনশন,1
বুড়ি,1
দেখবি,1
ভালোটাই,1
অক্লান্ত,1
বৃথা,1
কেষ্ট,1
ছাদের,1
এক্সারসাইজ,1
বিষণ্ন,1
পোষা,1
শালিক,1
শিষ,1
দেখলেই,1
বিচলিত,1
বেড়িয়ে,1
বন্দিদশা,1
ওরও,1
খাঁচায়,1
বোঝালো,1
এনে,1
আশ্বাসও,1
দিলো,1
সামলাতে,1
সঙ্গেই,1
আটকে,1
ঘাপটি,1
খাঁচাটার,1
কেঁদেছিলাম,1
পাখিটাকে,1
পাখিটার,1
বয়স,1
দেড়,1
ঠিকমতো,1
উড়তেও,1
শেখেনি,1
দুর্ঘটনার,1
আশঙ্কায়,1
কুঁকড়ে,1
গেছিলাম,1
ছোট্ট,1
কমই,1
হয়েছি,1
পাখিটাও,1
বন্দিদশাকে,1
ভালোবেসে,1
ফেলেছে,1
কাঁধে,1
চেনা,1
কোমল,1
স্পর্শ,1
তাকাতে,1
এসেছেন,1
প্রশ্রয়ের,1
আমারা,1
স্বাধীনভাবে,1
আলতোভাবে,1
মুঠোর,1
ভেবো,1
তারাই,1
সাফল্য,1
অর্জনে,1
নিশ্চিত,1
সৎসাহস,1
নও,1
সবটুকু,1
করেছো,1
বাকিটা,1
সৃষ্টিকর্তার,1
চলো,1
প্রশান্তিতে,1
উঠলো,1
চেহারা,1
এটুকু,1
মানুষটাই,1
ভরসা,1
শুনছিলাম,1
দোকানে,1
প্রতিবেশীদের,1
পাঠাবেন,1
হা,1
আল্লাহর,1
করছেন,1
ক্যাডারশিপ,1
দৃঢ়,1
আল্লাহ,1
কবুল,1
সরল,1
কোনোকিছুই,1
জটিল,1
শেখেননি,1
সরলতার,1
বেগ,1
নিয়েছেন,1
কোনোদিন,1
শুনিনি,1
করেছিলেন,1
তেমনি,1
আব্বুকে,1
বাজারের,1
লিস্টের,1
দিচ্ছিলেন,1
মহাভোজের,1
আয়োজন,1
বাজে,1
পাব,1
কাটতে,1
চাচ্ছে,1
মিনিটের,1
ন্যানো,1
ক্ষুদ্রাতিক্ষুদ্র,1
অংশে,1
বিভক্ত,1
শিরা,1
উপশিরা,1
রক্তবিন্দুর,1
মুহূর্ত,1
ব্লাড,1
প্রেশারও,1
কতক্ষণ,1
চড়,1
ভেংচি,1
গেজেটের,1
কানকে,1
আব্বু,1
মিটমিট,1
হাসছেন,1
গলার,1
পরিচিতদের,1
সোজা,1
দরজাটা,1
সুখের,1
সুখও,1
অ্যাঁ,1
সহজে,1
ছাড়,1
পাচ্ছেন,1
অভাজন,1
পারেন,1
কার,1
শিখেছেন,1
যতই,1
কোথা,1
আদৌ,1
গুরু,1
মানেন,1
কাদের,1
ততই,1
প্রতিভাবান,1
বটবৃক্ষ,1
ভক্তদের,1
হতাশার,1
সুনাম,1
অন্যরা,1
বেড়ায়,1
বিবেক,1
কারা,1
সম্পর্কে,1
কতটুকু,1
কীসে,1
কবে,1
মেঘ,1
অচিরেই,1
মুষুলধারায়,1
নামবে,1
আষাঢ়,1
স্যাঁতস্যাঁতে,1
ভাদ্র,1
রোদও,1
বৃষ্টিও,1
সাদার,1
মোহময়,1
পরিবেশকে,1
ঢেকে,1
দুধ,1
শুভ্রতায়,1
মুড়ে,1
প্রান্তরের,1
প্রান্তর,1
ফাল্গুন,1
মুষলধারায়,1
বাইরেটাও,1
সংক্ষিপ্ত,1
সময়ের,1
থইথই,1
ভিজতে,1
লাগাই,1
বংশপরম্পরায়,1
বাজখাঁই,1
গলাকে,1
তাছাড়া,1
ঘণ্টাখানেক,1
তখনকার,1
বৃষ্টিপর্বের,1
ভাবলাম,1
হেঁটে,1
বিশুদ্ধ,1
ছেলেবেলা,1
গাছগুলোর,1
নাড়া,1
একে,1
অন্যকে,1
ভিজিয়ে,1
গলির,1
অমনি,1
পিছলে,1
খেলাম,1
পেয়েছিলাম,1
কর্মীদের,1
কয়টা,1
প্রাণপ্রিয়,1
নেত্রী,1
উন্নয়নের,1
টাকার,1
পাতিনেতারা,1
ব্যয়ে,1
হজম,1
উন্নয়ন,1
বাটপারে,1
দেশটা,1
নানাপ্রকার,1
গালিগালাজ,1
অবশেষে,1
দাঁড়ালাম,1
মচকে,1
ব্যথাও,1
এমনভাবে,1
দুঃখে,1
ফিরলাম,1
দোষ,1
সাবধানে,1
ফেলতে,1
দোষকে,1
স্বভাব,1
ভয়ও,1
রাগারাগি,1
এল,1
খুড়িয়ে,1
খুঁড়িয়ে,1
হাঁটা,1
ভাবা,1
লোভ,1
দেখালাম,1
ফুচকা,1
খাওয়াব,1
ব্যাপারটা,1
মিটে,1
বোনও,1
বিশ্ববাটপার,1
বুঝিনি,1
পৌঁছাতেই,1
তুলল,1
বারান্দাতেই,1
ওকেও,1
উঁচু,1
ধমক,1
থামিয়ে,1
চেঞ্জ,1
বসলেন,1
অনুধাবন,1
রেগে,1
সস্নেহে,1
বকা,1
দেবেন,1
মালিশ,1
লাগলেন,1
শীতে,1
মাঘ,1
এক্সিডেন্ট,1
নজরে,1
দাদি,1
ফুফু,1
চাচারা,1
আক্ষেপ,1
বলতেন,1
কলিজার,1
টুকরা,1
পড়তেই,1
বিশ্বাসঘাতকতা,1
মুক্তাগাছার,1
মণ্ডা,1
খাওয়ালাম,1
মণ্ডাও,1
ঢাকায়,1
শায়েস্তা,1
দেখাব,1
দুষ্টু,1
বুঝবে,1
ধানে,1
চাল,1
দিব,1
নিশ্চয়,1
ধৈর্য,1
সেসব,1
দেওয়াটা,1
নেওয়াটা,1
বিষয়টা,1
বলবেনও,1
প্রশ্নোত্তর,1
পর্বে,1
শিক্ষাগুরু,1
আদেশ,1
জ্ঞানপাপী,1
হোস,1
বরবাদ্নিষেধ,1
দেখিয়েছে,1
পড়ছেন,1
বন্ধুকে,1
বলছেন,1
বেরোই,1
প্রস্তাব,1
আশঙ্কা,1
দেখব,1
অনুষ্ঠানের,1
উপদেশটা,1
দিই,1
ভালোটা,1
দেখবেন,1
উঠবেন,1
ধৈর্য্য,1
সাল,1
দৈনন্দিন,1
বেহাল,1
দশা,1
আশায়,1
প্রশাসনের,1
বিদেশী,1
আমলা,1
চেয়ারম্যান,1
ঠিকাদার,1
নামমাত্র,1
বাজেটে,1
প্রশাসনেরই,1
রথ,1
দেখাও,1
বেচাও,1
ফলাও,1
ঘোষণা,1
ভরবে,1
রমরমা,1
বাগদা,1
চিংড়ি,1
মাছই,1
প্রোটিনের,1
পূরণ,1
অর্থের,1
সংস্থাপন,1
অনটনের,1
এনজিও,1
অনিশ্চয়তায়,1
তলিয়ে,1
এনজিওগুলোও,1
চমৎকার,1
ভূমিকা,1
জুতাটা,1
সেলাইমেশিনটা,1
বাচ্চার,1
যাবতীয়,1
চড়া,1
সুদের,1
যন্ত্রণা,1
সুদসহ,1
শোধ,1
পেরে,1
ভারতে,1
হিশাব,1
গ্রামাঞ্চলে,1
পূর্বের,1
সুদখোর,1
জোতদারদের,1
এনজিওগুলো,1
সুঁচ,1
ফাল,1
ভাবে,1
প্রশাসনসহ,1
আখের,1
গোছাতে,1
বুলি,1
আওড়াতে,1
ভাঙেনি,1
চিন্তায়,1
দুপুর,1
ভীষণ,1
বোঝার,1
সূর্যের,1
অন্ধকার,1
কূপই,1
রোদ,1
মেঘলা,1
প্রতিটা,1
হোতো,1
হইনি,1
আচ্ছা,1
ভিজেন,1
লাগতে,1
দেখছি,1
থেমে,1
আহা্,1
সিডরের,1
নার্গিস,1
আইলা,1
তেরো,1
মহাসেন,1
কোমেন,1
ষোলো,1
রোয়ানু,1
সতেরো,1
মোরা,1
ফণী,1
বুলবুল,1
একুশ,1
আম্ফান,1
প্রত্যেক,1
ঝড়েই,1
বঙ্গের,1
এলাকা,1
ক্ষতিগ্রস্ত,1
ঘূর্ণিঝড়ের,1
দরুণ,1
সৃষ্ট,1
জলোচ্ছ্বাসে,1
প্লাবিত,1
সুরাহা,1
একদল,1
দুইবেলা,1
খাওয়াতে,1
আরেক,1
সাঁতরে,1
মামুষের,1
সেলফি,1
পরবর্তী,1
দিনগুলো,1
কাটবে,1
স্থানীয়,1
এমপির,1
হাস্যকর,1
গলাবাজি,1
প্রশাসনকে,1
স্বার্থে,1
ভরতে,1
অনুদানের,1
শতাংশ,1
নির্মাণের,1
অর্থেই,1
নির্মাণ,1
কাবিখা,1
প্রকল্পের,1
বালির,1
বস্তাও,1
জোটে,1
ভোলানো,1
এমপিদের,1
দোড়গড়ায়,1
টিকিটাও,1
কুমিরের,1
ছাগল,1
পুষতে,1
বোঝাতে,1
ভয়ংকর,1
ন্যায্য,1
নিজেরা,1
সুস্থভাবে,1
আকুতি,1
সরকারকে,1
গণমানুষের,1
দীর্ঘস্থায়ী,1
বাড়িই,1
কেনা,1
উপলক্ষে,1
দোয়ায়,1
মৌলবির,1
আওয়াজই,1
হে,1
সৃষ্টিকর্তা,1
রেখো,1
কুনজর,1
রক্ষা,1
কোরো,1
কোনে,1
দু,1
ফোটা,1
জ্বলজ্বল,1
পাঞ্জাবির,1
হাতা,1
ফেললেন,1
দ্বিতীয়,1
লাগিয়ে,1
রং,1
ইস,1
চালাতে,1
পাননি,1
তৃতীয়,1
মিলাদ,1
প্রথমবারের,1
রক্ষ,1
চাচাদের,1
বলেনি,1
ভাড়াটিয়া,1
চাচাকে,1
খেপিয়ে,1
বিদায়,1
শখ,1
নড়েনও,1
বাড়ে,1
উপলব্ধি,1
কিনেননি,1
হাতি,1
পড়েন,1
দেখিয়ে,1
দুঃস্বপ্ন,1
দেখেন,1
তিনবার,1
পরিবর্তন,1
যাকে,1
সাক্ষাৎকারটা,1
কয়দিন,1
আগেরটা,1
ছাড়বেন,1
চালাতেন,1
মোবাইলের,1
নাম্বারটা,1
স্বরে,1
জানাল,1
ক্যান্টিনে,1
ঝুম,1
বাড়ালাম,1
শার্টের,1
ধরলাম,1
ভুনা,1
সালোয়ার,1
কামিজে,1
অপূর্ব,1
চেয়ার,1
কফি,1
অর্ডার,1
মুখোমুখি,1
ভণিতা,1
ভদ্রতার,1
খাতিরে,1
অনাথ,1
আশ্রমে,1
অনুদানে,1
মেডিকেলের,1
ছাত্রী,1
দাঁড়াল,1
উদ্যত,1
চিঠিটাও,1
আসো,1
আজকাল,1
বসলে,1
লুচি,1
দেব,1
বলতাম,1
করলো,1
বনে,1
ভয়ঙ্কর,1
প্রাণীর,1
বাঘ,1
সিংহ,1
কোনোকিছুকে,1
ধরল,1
ফুলবনেৃৃগান,1
পাচ্ছিস,1
সোমবার,1
লান্স,1
পেয়িং,1
গেস্ট,1
ডাকি,1
মাঝেই,1
সবজিসহ,1
বদঅভ্যাস,1
রংপুরের,1
খাই,1
শনিবার,1
হতাশই,1
রবিবার,1
স্বয়ং,1
সিটি,1
রবিবারে,1
সময়মতো,1
এতটাই,1
জ্যাম,1
আছেই,1
সিচুয়েশন,1
মাস্টারকে,1
জিঙ্গাসা,1
বসেছেন,1
জানাবেন,1
বিরক্তই,1
এতগুলো,1
আয়েশ,1
অঞ্চলের,1
মাননীয়,1
মহোদয়,1
জনসভায়,1
পার্সোনাল,1
সেক্রেটারির,1
নির্দেশে,1
যতক্ষণ,1
থাকবেন,1
ততক্ষণ,1
পরিবহন,1
স্তম্ভিত,1
যানবাহনও,1
রক্ত,1
স্পেশালভাবে,1
রাস্তাঘাট,1
করারই,1
দরকার,1
হলেই,1
ভোগান্তি,1
বাড়ানো,1
চুপচাপ,1
যাওয়াটা,1
ক্যান্সেল,1
ভাবছিলাম,1
নয়টায়,1
নেবেন,1
সময়নিষ্ঠ,1
জাস্ট,1
টাইমে,1
স্টুডেন্টদের,1
ঢুকতে,1
ধরনও,1
সিলেবাসের,1
তোয়াক্কা,1
সিলেবাস,1
ধরেও,1
পড়ান,1
অনুধাবনমূলক,1
ব্যাথা,1
সিআরকে,1
জানালাম,1
সিআর,1
জানালো,1
ম্যানেজ,1
কাজগুলো,1
অবিরাম,1
সাইকেলের,1
চল্লিশ,1
স্টেশনের,1
কোলাহল,1
যাত্রী,1
কুলি,1
হকারদের,1
চিৎকারে,1
গমগম,1
সুনশান,1
নীরবতা,1
চেকিং,1
এগোতেই,1
ডেউ,1
খেলানো,1
কাশবনের,1
নজরকাড়া,1
মাথার,1
আকাশের,1
অসীমতা,1
নিরন্তর,1
মিলিয়ে,1
স্বর্গীয়,1
আবহ,1
মুহূর্তের,1
আজীবনকাল,1
সেখানেই,1
মনপুরা,1
সিনেমার,1
নায়ক,1
সোনাইয়ের,1
প্রকৃতির,1
হিলিং,1
শক্তিশালী,1
আবারও,1
দাঁড়াতেই,1
হাওয়ায়,1
পদ্মাকে,1
ছুঁয়েছে,1
নৌকাটা,1
বিশালতা,1
সংকীর্ণতাকে,1
ভোর,1
সাড়ে,1
পাঁচটায়,1
দিদির,1
জড়ানো,1
মশারির,1
সিঁথিতে,1
মোটা,1
টিপ,1
ভেজা,1
চুলগুলো,1
কাঁধের,1
পার্বতীর,1
মতোই,1
লাগছিল,1
দিদিকে,1
পিতৃপক্ষের,1
দেবীপক্ষের,1
শুরুর,1
সকালেই,1
মিস,1
মরি,1
দৌড়াতে,1
অতএব,1
ওঠা,1
তাহলো,1
দায়িত্বও,1
তর্পণের,1
আনা,1
খোলাগুলো,1
মাপমতো,1
রাখি,1
তাড়াহুড়ো,1
স্নান,1
সেরে,1
পূর্বপুরুষদের,1
আত্মার,1
শান্তির,1
তর্পণ,1
ছেলেদেরই,1
ছেলেরাই,1
বংশরর,1
স্বীকৃতি,1
এক্ষেত্রে,1
বঞ্চিত,1
পরিবারে,1
মানাতে,1
যান্ত্রিক,1
অভ্যস্ত,1
অনুভূতিগুলোও,1
স্বার্থকেন্দ্রিক,1
নিরামিষ,1
মাস্টার্স,1
গৃহিণী,1
পঁয়ত্রিশ,1
রিলাক্সেশনের,1
ডিভানে,1
শরীরটা,1
ভেবেছিলাম,1
ম্যাসেঞ্জারে,1
ম্যাসেজের,1
নোটিফিকেশন,1
অজান্তেই,1
ঠোঁটে,1
বিদ্রুপের,1
মহালয়াতেও,1
বাঙালিদের,1
ফেব্রুয়ারিতে,1
বারোটা,1
পরিচিতদেরকে,1
লেখা,1
ম্যাসেজ,1
পাঠাতে,1
বিষয়ই,1
যাহোক,1
হিন্দু,1
মুসলিম,1
স্টোরি,1
হিন্দুরা,1
স্কেল,1
দূর্গার,1
আলতা,1
পরা,1
দেবীরূপের,1
বয়ানবাজি,1
ব্যথায়,1
দূর্গা,1
পূজার,1
জেনেই,1
ভাসানো,1
ছাব্বিশশে,1
মার্চ,1
ষোলোই,1
ডিসেম্বর,1
পনেরোই,1
আগস্ট,1
শুদ্ধভাবে,1
জীবনানন্দ,1
বিভূতিভূষণ,1
তারাশংকর,1
বিষ্ণু,1
দে,1
জসীমউদ্দীন,1
সেলিম,1
আল,1
দীন,1
হুমায়ুন,1
আজাদ,1
প্রমূখকে,1
শেখায়,1
টিকটক,1
ইনস্টাগ্রামে,1
ইতরামি,1
করতেও,1
দ্বিধাবোধ,1
চালালে,1
এমনই,1
চালানো,1
বলদের,1
ভাসানোর,1
পক্ষপাতি,1
বন্ধুদের,1
প্রোফাইল,1
যেকেউ,1
প্রতিনিয়ত,1
করিনি,1
হেসেছিলাম,1
বিশিষ্ট,1
ব্যক্তিত্ব,1
বহুলও,1
ঘটবে,1
স্টুপিডিটি,1
অনুভূতিগুলো,1
ট্রেনের,1
টিকিট,1
কাছেই,1
দেখো,1
ধুর,1
ছাই,1
একসময়,1
এরাই,1
টেস্ট,1
সালে,1
এদেরকে,1
করেছি,1
নিব,1
বিশ্বকাপ,1
ছিলে,1
তাতেই,1
মাত্রই,1
এলে,1
করছো,1
ভীড়,1
ট্রেনে,1
উঠব,1
এতবার,1
পাচ্ছ,1
বহুবার,1
শুনব,1
ফ্ল্যাটে,1
ওঠার,1
আনন্দে,1
পারছে,1
মরা,1
মেয়েটার,1
হার্ট,1
অ্যাটাক,1
বাঁচিয়ে,1
প্রকৃষ্ঠ,1
উপকূলবাসী,1
মানুষগুলো,1
উপকূলীয়,1
ভোলার,1
বাসিন্দা,1
এইট,1
অবধি,1
পড়ার,1
সু্যোগ,1
পারত,1
জীবিকার,1
টানে,1
যেকোনো,1
সৈকতে,1
মানুষকেও,1
শঙ্কিত,1
নৌকায়,1
ঘাঁটি,1
গাড়ে,1
গভীর,1
মোকাবিলা,1
ঝড়,1
জলোচ্ছ্বাস,1
সুনামি,1
টর্নেডোর,1
দুর্যোগের,1
প্রতিবছর,1
অসংখ্য,1
জেলের,1
খ্যাতনামা,1
পত্রিকার,1
ফ্রন্ট,1
পেইজে,1
লেখালেখিও,1
রয়ে,1
গুনতির,1
নিরপেক্ষভাবে,1
দুর্দশার,1
প্রশাসনই,1
দায়ী,1
শিক্ষার,1
প্রসার,1
ঘটানোর,1
উদ্যোগ,1
প্রস্তাবনা,1
এমনকি,1
উপকূলবাসীর,1
পুনর্বাসন,1
প্রকল্প,1
হিশেবে,1
পাকাবাড়ি,1
একমাসের,1
সুবিধাবঞ্চিত,1
দেশকে,1
গল্পেই,1
ছেলেটার,1
পড়াশোনা,1
প্রবল,1
ক্ষুধার,1
তাড়ণা,1
বিমুখ,1
পিতার,1
সলিল,1
সমাধির,1
কৈশোর,1
শব্দটি,1
বোন,1
প্যারালাইসড,1
সমুদ্রেই,1
বাজি,1
চালানোয়,1
চৌকশ,1
ঢেউকে,1
দুশ্চিন্তা,1
সেও,1
অতলে,1
উত্তরে,1
প্রথমদিকে,1
বাইতে,1
পড়ত,1
তারও,1
কাঁদে,1
বয়সের,1
মানসিকতায়,1
গিয়েছে,1
বাস্তবতার,1
কষাঘাতে,1
নিষ্পেষিত,1
অন্ধের,1
যষ্ঠি,1
ফেলবার,1
জ্যাকেটের,1
খরচ,1
করাকে,1
মহাজন,1
অপচয়,1
পরিণতিও,1
জ্যাকেট,1
চেনেও,1
চিনতও,1
তবু,1
ক্রয়ক্ষমতা,1
বেলার,1
অভিজ্ঞতাকে,1
বাচ্চাদের,1
সাঁতার,1
শেখানোর,1
মুরব্বিরা,1
শুকনা,1
ওজনে,1
চারটা,1
পরিমাণ,1
ছোবা,1
মাঝবরাবর,1
বাচ্চাটাকে,1
চিৎ,1
শুইয়ে,1
দিত,1
বাচ্চাটার,1
ডুবে,1
অনেকবার,1
সাঁতারের,1
ভেলা,1
বানিয়ে,1
বেড়ানো,1
প্রথমেই,1
মেরামত,1
নৌকাটাকে,1
চওড়া,1
পাটাতনের,1
জোড়া,1
গিট,1
কলাগাছ,1
গাংচিলের,1
ওড়া,1
আবওহাওয়ার,1
পূর্বাভাস,1
জানার,1
অভিজ্ঞতাও,1
অর্জন,1
প্রতিবারের,1
সেদিনও,1
জাল,1
ধরার,1
ট্রলার,1
বাঁধা,1
পঁচিশখানা,1
যেগুলো,1
দুটি,1
দূরত্ব,1
চলত,1
আবওহাওয়া,1
অনুকূলেই,1
পেরিয়ে,1
অন্যদিনের,1
বাতাসও,1
কিছুদূর,1
গাংচিল,1
তারস্বরে,1
উড়ে,1
আসন্ন,1
আশংকায়,1
এগোতে,1
দক্ষতার,1
জানত,1
কথামতো,1
বাতাসের,1
তীব্রতা,1
বাড়তে,1
উঠছে,1
কূলের,1
পৌঁছানোর,1
দমকা,1
ঢেউয়ের,1
প্রচণ্ডতা,1
কাছেও,1
সম্বলগুলো,1
নির্দেশমতো,1
গামছা,1
কিছুক্ষণের,1
প্রচণ্ড,1
কবলে,1
পরামর্শমতো,1
গেলেও,1
দড়ি,1
ছাড়ল,1
উপকরণগুলো,1
উপকূলবাসীরা,1
সমুদ্রকে,1
মাতৃরূপে,1
মৃত্যুর,1
বিশ্বাসই,1
জুগিয়েছিল,1
দুর্যোগ,1
কবলিত,1
বিশ্বাসের,1
ধরেছিল,1
সাহসী,1
উদ্ধার,1
দুইটা,1
কর্কশিটের,1
উল্টে,1
নিখোঁজ,1
উদ্ধারের,1
রাতারাতি,1
পার্টি,1
অফিস,1
সংবর্ধনা,1
বাঁচতে,1
আশ্রয়ের,1
সংবাদপত্রে,1
মিডিয়ায়,1
সুপারহিরো,1
দুমুঠো,1
আশ্রয়ে,1
কিশোরকে,1
মৌলিক,1
করণীয়,1
অপারগ,1
ঈদে,1
মারহাবা,1
সংবাদ,1
কাটুক,1
কামনায়,1
অগ্রীম,1
মোবারক,1
আহ,1
কৃতজ্ঞ,1
প্রত্যেককে,1
ধন্যবাদ,1
গুণবতী,1
রূপবতী,1
বাড়িতেও,1
ধর্মীয়,1
দান,1
চিত্রাঙ্কন,1
ত্রুটি,1
রাখেননি,1
সর্বোচ্চ,1
প্রতিষ্ঠানে,1
বিশ্ববিদ্যালয়ে,1
স্নাতকোত্তর,1
চলাকালীন,1
মোবাইলে,1
শুক্রবারে,1
মেয়ের,1
ম্যাজিস্ট্রেট,1
গ্রাম,1
উপজেলা,1
ইতস্তত,1
ইচ্ছার,1
বিবেচনা,1
বিয়েতে,1
রাজি,1
ব্যতীত,1
কানাঘুষা,1
হবু,1
স্বভাবের,1
বৌয়ের,1
দেখেছিল,1
জায়ের,1
বন্ধুত্ব,1
ভাবীই,1
ভাবী,1
হেসে,1
মায়েদের,1
সংসারে,1
শৃঙ্খলা,1
উচ্চশিক্ষিত,1
হাজির,1
থমথমে,1
যেও,1
বসো,1
একটানা,1
উল,1
বুনছেন,1
তোলেননি,1
পেলো,1
বুঝলেন,1
যাচ্ছিলেন,1
বসার,1
বউমা,1
আছো,1
অসুবিধা,1
সলজ্জ,1
জবাব,1
বৌমার,1
বলব,1
লেখাপড়ার,1
চাইলেন,1
আনুষ্ঠানিকতা,1
নিয়মকানুন,1
পাঁচটা,1
আনিয়েছি,1
ওগুলো,1
রোপন,1
চারাটা,1
নিম,1
মেহগনি,1
আম,1
পূর্বপাশে,1
সেগুন,1
পশ্চিম,1
সম্মতিসূচক,1
ঘাড়,1
নেড়ে,1
মর্যাদা,1
লোকেদের,1
তোমারও,1
বলেছিলাম,1
উপহার,1
সামর্থ্য,1
অনুযায়ী,1
বৌকে,1
সাজিয়ে,1
বেয়াই,1
সাহেব,1
শোনেননি,1
এসো,1
ব্যাংকে,1
লকার,1
দিও,1
মানবে,1
শোনে,1
প্রশ্রয়,1
অভিনেত্রীর,1
বয়সে,1
রহস্যজনক,1
মরণের,1
পদধ্বনি,1
জীবনপ্রান্তে,1
আহা,1
শুনেই,1
ক্রিকেটার,1
ক্রিকেটে,1
পেন্ডামিকে,1
অনেকের,1
আমদের,1
জাঁকজমক,1
মেকানিকাল,1
ইঞ্জিনিয়ারিং,1
টেলিকম,1
কোম্পানিতে,1
বেতনের,1
করতাম,1
দিকটায়,1
পড়লেও,1
পেন্ডামিকের,1
পাওয়াও,1
খামার,1
তখনো,1
ভাবিনি,1
পরিস্থিতি,1
ধারণ,1
গ্রামসহ,1
কড়া,1
লকডাউন,1
হাসপাতাল,1
ফার্মেসি,1
মুদির,1
দোকান,1
দূরত্বে,1
লাইনে,1
গবাদি,1
পশু,1
কিছুরই,1
পরিস্থিতিতে,1
ক্রেতার,1
স্বল্পতা,1
সফল,1
চাষি,1
বর্তমানে,1
একেবারেই,1
মজুদও,1
দূর্ভিক্ষ,1
গতকাল,1
ঘাড়ের,1
নিঃশ্বাস,1
শিউরে,1
বিছানার,1
উপরেই,1
কোঠরে,1
ঢোকানো,1
মৃতের,1
ফ্যাকাশে,1
লালা,1
ঝরছে,1
গায়ে,1
অবশিষ্ট,1
হাড়ের,1
চামড়াটাই,1
লোলুপ,1
বোটকা,1
পচা,1
গন্ধে,1
বীভৎস,1
করেও,1
অসাড়,1
স্ত্রীকেও,1
শত,1
চেষ্টাতেও,1
ফুটল,1
জোর,1
বেড,1
সুইচটা,1
অদ্ভুৎ,1
স্বাভাবিক,1
স্ত্রীকে,1
ডাকলাম,1
ওয়াশ,1
রুমেও,1
খুঁজতে,1
করিডোরে,1
দরজাও,1
ভিতরে,1
উঁকি,1
ভয়ানক,1
দৃশ্য,1
কল্পনাতেও,1
স্ত্রীর,1
রক্তাক্ত,1
অস্থিচর্মসার,1
খুবলে,1
জম্বি,1
পেটের,1
নাড়ি,1
ভুড়িসহ,1
জম্বিগুলো,1
ঘিরে,1
ধরেছে,1
টার্গেট,1
ঝাপটায়,1
সম্বিৎ,1
জবাবে,1
করছিলাম,1
কাঠের,1
গেছিল,1
দিচ্ছিলাম,1
ছিটায়,1
হাউমাউ,1
কেঁদে,1
ফজরের,1
আযান,1
নামাজ,1
সংকট,1
বিশ্ববাসীর,1
জায়নামাজে,1
শপথ,1
প্রয়োজনের,1
অতিরিক্ত,1
দুর্দশাগ্রস্ত,1
মানুষদের,1
যথাসাধ্য,1
মুনাফার,1
উৎপাদন,1
বৃদ্ধির,1
অনাহারে,1
তাদেরকেও,1
সচেতন,1
পতিত,1
জমিগুলোতে,1
ফসল,1
ফলানো,1
সিদ্ধান্তের,1
তারাও,1
সাগ্রহে,1
দাঁড়িয়েছে,1
দানের,1
মধ্য,1
পরিতৃপ্ত,1
বুঝেছি,1
মহাপুরুষেরা,1
গিয়েছেন,1
ভোগে,1
ত্যাগেই,1
দেখাবে,1
বলে৷,1
গোলা,1
একপাশে,1
পুকুরের,1
গাছভরা,1
বানানো,1
গোসলের,1
কাপড়,1
নাড়তে,1
শুকাতে,1
আলু,1
পিঁয়াজ,1
রসুনের,1
সুপারি,1
শ্বশুরের,1
পুরনো,1
শ্রেণির,1
কৃষিকাজই,1
মূল,1
উৎস,1
পিঁয়াজের,1
ক্ষেতে,1
শ্রমিক,1
পিয়াজ,1
এগোলো,1
শ্রমিকরা,1
প্রশংসায়,1
পঞ্চমুখ,1
লাগলো,1
মহিলার,1
প্রশংসা,1
বুঝল,1
জাতের,1
ফলন,1
মাঠ,1
ধান,1
ধানক্ষেতের,1
চাষীদের,1
ওয়াশরুমে,1
যতবারই,1
চেয়েছে,1
ততবারই,1
দেখাত,1
স্বামীসহ,1
বাপের,1
গহনার,1
গহনাসহই,1
পরতে,1
থাকলো,1
কয়েকদিন,1
এভাবেই,1
কাটল,1
কয়দিনে,1
বুঝেছে,1
যায়ও,1
বউও,1
অত্যন্ত,1
ভালোবাসে,1
দেখানো,1
আসায়,1
জানানোয়,1
বোঝালেন,1
নাছোড়বান্দা,1
সাফ,1
সেক্ষেত্রে,1
কাবিনের,1
চাইলে,1
সামনের,1
দিবেন,1
কালকের,1
পরীক্ষাটা,1
বলেছিলে,1
বলছো,1
নিয়েছো,1
দিবে,1
বেড়াচ্ছ,1
ডর,1
দিনরাত,1
চাকরির,1
নিচ্ছে,1
কালও,1
ভাত,1
খাবে,1
ইদানীং,1
এখান,1
অনলাইন,1
পোর্টালগুলো,1
কীসব,1
ছাপায়,1
ফালতু,1
করলেও,1
সমস্যার,1
কয়েকবার,1
চাইছে,1
আকারে,1
সমস্যাগুলো,1
পেশ,1
দুইজন,1
ওপেনার,1
ভিত,1
গাড়তে,1
গাড়তেই,1
সময়টুকু,1
ফুরিয়েছেন,1
নির্ভর,1
বাঁচাবে,1
লোককেই,1
ওভারে,1
ছেচল্লিশ,1
রানে,1
উইকেট,1
বোলিং,1
লাইন,1
আপ,1
ব্যাটিংয়েও,1
ভুলতেই,1
বসেছে,1
টিকতে,1
অলআউট,1
বিসিবি,1
একেবারে,1
আমাদেরও,1
চাপিয়ে,1
সামান্য,1
আলোচনাও,1
ঢাকাকে,1
ব্যাক্তি,1
ঢাকা,1
জাদুর,1
কবিতার,1
কোলাহলের,1
আঁধারিতে,1
শতাব্দী,1
শহরের,1
অলিগলিতে,1
কাহিনি,1
শাসনামলের,1
শহরকে,1
পরিচিতি,1
শহরে,1
শ্রেণীর,1
ওভারটি,1
হারাইনি,1
হাসিমুখটা,1
ক্লান্তি,1
ছেলেও,1
পিতা,1
সৌভাগ্যের,1
চীনেই,1
করোনাভাইরাসের,1
আবির্ভাব,1
মহামারির,1
আজও,1
বিশ্ব,1
চীনে,1
অনেকটা,1
স্বস্তির,1
নিশ্বাস,1
ঘড়িটা,1
দামটা,1
নাগালের,1
ইশ্,1
হাসিটা,1
তাদেরও,1
পারতো,1
পাহাড়ে,1
কষ্টই,1
উঠার,1
নিমিষেই,1
পাহাড়ের,1
চূড়ায়,1
ম্যাচ,1
সারারাত,1
জেগে,1
সার্থক,1
দুর্দান্তই,1
ফিনিশার,1
ধোনি,1
চাপের,1
জিতে,1
ঘোরে,1
কীসের,1
বিভৎস,1
অবয়ব,1
তড়িঘড়ি,1
চশমাটা,1
জ্বালালাম,1
হাড়,1
হিম,1
শব্দে,1
ডাকছে,1
ডাকবে,1
মোড়,1
নিখুঁত,1
হতাশাজনক,1
পারফরম্যান্সের,1
অনিশ্চিত,1
কীভাবেই,1
দাঁড়ালেন,1
এইখানের,1
জিনিসেই,1
পাতার,1
মূল্য,1
নির্ধারণ,1
ন্যূনতম,1
সততা,1
প্রতিষ্ঠান,1
দম্পতিকে,1
দেখভাল,1
সামলে,1
সেটাই,1
পাচ্ছি,1
এক্সপ্রেস,1
ফাস্ট,1
বোলার,1
বিশ্বকাপের,1
আসরে,1
ম্যাচেও,1
পারফরম্যান্স,1
উনার,1
দামি,1
বটেই,1
লাখ,1
দামের,1
ব্র্যান্ডের,1
হাতঘড়ি,1
টিমে,1
খেলোয়াড়ের,1
উপস্থিতি,1
মাঝখানে,1
পড়ারও,1
আশংকা,1
লড়াইয়ের,1
মঞ্চে,1
গল্পের,1
রোমাঞ্চকর,1
সাদামাঠা,1
জীবনও,1
গল্পগুলোর,1
শেষও,1
অবিরামভাবে,1
নিঃশব্দে,1
চলতে,1
প্রবাহে,1
চাকায়,1
থকে,1
ব্যালকুনিতে,1
কাগজে,1
বুলাচ্ছিলাম,1
এরই,1
মোবাইল,1
বেজে,1
অসীমের,1
হ্যালো,1
ভরা,1
রেডি,1
“এত,1
বেড়োলে,1
”,1
ঝাঁঝালো,1
পেপারের,1
রিপোর্টাররা,1
বসের,1
কাগজের,1
অগত্যা,1
যেতেই,1
তথ্য,1
সংগ্রহ,1
প্রত্যক্ষদর্শীসহ,1
সাক্ষাৎকার,1
লাইভ,1
টেলিকাস্ট,1
ক্লান্ত,1
আলটিমেটাম,1
ইনফরমেশন,1
একত্রিত,1
মেইল,1
বলাই,1
ইতিমধ্যে,1
মেইলে,1
ব্যাক,1
ভাবছি,1
তিনদিন,1
বেড়াতে,1
অস্বস্তিতে,1
ফাঁকা,1
শুনসান,1
জানালা,1
শিবু,1
আবছা,1
আলোয়,1
সুইচড,1
অফ,1
উফ্,1
তাড়াহুড়োতে,1
ফোনে,1
চার্জ,1
ঢুকেই,1
পেল,1
মোড়া,1
চাদরটা,1
সরিয়ে,1
করছ,1
অলসের,1
হুকুম,1
জারি,1
করাটাও,1
বড়ো,1
বটে,1
চুরি,1
খুনের,1
মামলা,1
তাকেই,1
আরামেই,1
ঘটল,1
করছি,1
কোভিডের,1
ছড়াছড়ি,1
আতঙ্ক,1
আপনজন,1
কানে,1
তোলে,1
নীতিবাক্যে,1
বয়েই,1
ওষুধ,1
ক্ষতি,1
সর্দি,1
কাশি,1
ক্লাবটিতে,1
খেলোয়াড়,1
সংযোজন,1
ছাড়াও,1
পরিবর্তনের,1
ভাবছে,1
ক্লাবটির,1
শিরোপা,1
খরা,1
কাটে,1
আগামী,1
দিনে,1
খেলেছে,1
নিশ্চয়ই,1
তোদের,1
বাসার,1
সুবিধা,1
পড়তাম,1
বিভাগের,1
মাবুদ,1
চিঠি,1
প্রাপক,1
আপনারাই,1
ঘিরেই,1
ভাবনা,1
চিনতাম,1
অন্যভাবে,1
এখনকার,1
মিল,1
চিনে,1
উঠছি,1
সংগ্রাম,1
প্রত্যেকের,1
গল্পগুলো,1
অদ্ভুত,1
অনুপ্রেরণাদায়ী,1
হোটেলে,1
ব্যাগপত্র,1
রেখেই,1
সেরেই,1
বিশালতার,1
কীট,1
ক্ষমা,1
জ্ঞানীদের,1
গ্লানি,1
জীবনকে,1
আলোকিত,1
জ্ঞানার্জন,1
অমূল্য,1
শ্লীলতা,1
সাবলীল,1
ট্রাফিক,1
চলুন,1
ডাস্টবিন,1
সুনাগরিকের,1
যিনি,1
জ্বালাও,1
পারব,1
স্বর,1
বেয়াদবি,1
ড্রামস,1
স্লোগান,1
শিশুটিকে,1
জরুরি,1
সুগন্ধ,1
মাথাব্যাথা,1
কমাতে,1
সহায়ক,1
শহরই,1
স্ট্রাইক,1
মনও,1
শায়িত,1
বীর,1
মুক্তিযোদ্ধারা,1
জ্ঞাপন,1
লেখার,1
ব্লগ,1
স্প্রিং,1
খুলুন,1
লোহার,1
নতুবা,1
নবের,1
স্ক্রু,1
ঘোরান,1
ঢিল,1
দোটানায়,1
কাটালেন,1
দ্বিধা,1
উঠুন,1
ক্রয়,1
মিটবে,1
পুষ্টির,1
চাহিদা,1
ক্রেতাকে,1
স্প্রেডশিটে,1
প্রান্তে,1
দাঁড়ান,1
স্থাপত্যগুলো,1
কাগজটা,1
দাঁড়ায়,1
গোসলে,1
শার্ট,1
কাজই,1
কাজের,1
পাশাপাশি,1
অবসর,1
সময়েও,1
পাড়ার,1
ফুটবল,1
পুকুরে,1
একবার,1
বন্ধুরা,1
বেচে,1
উপলক্ষ,1
ভিড়,1
রিক্সায়,1
স্যারকে,1
ভান,1
যাত্রায়,1
ভেতর,1
রয়েই,1
মাসের,1
বেতনটা,1
পেয়েই,1
নিতুকে,1
নিতুর,1
রাগও,1
গলে,1
বাসগুলো,1
ইচ্ছামতো,1
গাফিলতির,1
মরে,1
ঝরে,1
রুটিগুলি,1
একদিনও,1
ক্লাসের,1
লেখে,1
আনে,1
প্রতিদিনই,1
ছেলেগুলোকে,1
শেষে,1
ফিরত,1
ফিরছিলাম,1
ঘেঁষে,1
বসি,1
ইচ্ছে,1
লোকটাকে,1
উঠানো,1
যাওয়ায়,1
নড়ে,1
জীবনটা,1
সুন্দরভাবে,1
গড়ে,1
সময়টাও,1
লড়ে,1
ঘুমে,1
ঢলে,1
পড়ছে,1
জ্বলে,1
রুটি,1
রুটিগুলো,1
টিফিন,1
বক্সে,1
আচ্ছন্নতা,1
কাটান,1
আদিখ্যেতা,1
বিস্তারিত,1
চিন্তিত,1
সন্ন্যাসে,1
বিজ্ঞান,1
ভগ্নাংশ,1
রূপান্তর,1
সবশেষে,1
মুদ্রণ,1
লেখাটি,1
আমন্ত্রণ,1
স্কুলের,1
ছাত্রীদের,1
প্রতিক্রিয়া,1
সন্ধান,1
জায়গাটার,1
অক্ষত,1
স্মৃতিগুলো,1
বিক্রেতাকে,1
বলুন,1
বিক্রয়,1
পণ্যগুলো,1
হয়ো,1
আহ্বান,1
কন্ট্রোল,1
নিষ্ক্রিয়,1
বোমাটি,1
এক্সপার্টের,1
চক্রাকারে,1
গণ্ডগোল,1
হট্টগোল,1
বিদ্বানদের,1
উল্লেখ,1
বাক্যগঠন,1
ভুলগুলো,1
সূক্ষ্মভাবে,1
ব্যস্ততা,1
কমান,1
সংগ্রহে,1
পাথরগুলো,1
মূল্যবান,1
দুর্বলকে,1
বঞ্চনা,1
বর্ডার,1
সদ্ব্যবহার,1
ভিজো,1
বজ্রপাতের,1
কার্নিশে,1
দাঁড়িও,1
বর্ষাতি,1
কেনো,1
আহ্লাদ,1
লণ্ঠনটা,1
গরুর,1
টানো,1
উল্লাস,1
পাঞ্জাবিটা,1
অক্ষরটা,1
লেখো,1
সাক্ষর,1
স্মৃতি,1
শুনুন,1
সামান্তরিক,1
আঁকুন,1
প্রলম্বিত,1
নিম্নমুখী,1
ঊর্ধ্বমুখী,1
আচ্ছন্ন,1
থ্যাতলানো,1
বরইয়ের,1
লবন,1
মরিচ,1
মাখালেই,1
বরই,1
ভর্তা,1
মিথ্যা,1
গুড়ুম,1
বিমুগ্ধতা,1
এড়ায়নি,1
ফরাসি,1
উদ্ভূত,1
বাগ্মিতার,1
বাক্পটু,1
গ্যাঁজদাঁতে,1
আত্মগ্লানিতে,1
দুষ্কর্ম,1
করাই,1
কৃতঘ্নতার,1
কারনেই,1
অভিযুক্ত,1
বস্তুকে,1
বৈষ্ণব,1
শাস্ত্রমতে,1
ভগবানের,1
স্বরূপশক্তি,1
ভগবান,1
হ্লাদিনী,1
মহাবিশ্বে,1
বিদ্যমান,1
চিরন্তন,1
অখণ্ড,1
সত্যের,1
ধারণাকে,1
উজ্জীবন,1
নব,1
সঞ্চার,1
ট্রেকিংয়ের,1
প্রজ্জ্বলিত,1
ঘুমানো,1
ব্যাকরণে,1
মধ্যপদলোপী,1
কর্মধারয়,1
সমাসের,1
শহীদ,1
রুমির,1
প্রকৃতপক্ষে,1
রত্নগর্ভা,1
স্বপ্নাদেশে,1
তাবিজবাবা,1
সঙ্গের,1
প্রভাবে,1
উচ্ছন্নে,1
আপ্যায়িত,1
উজ্জ্বলতম,1
লুব্ধক,1
পাতা,1
উল্টানো,1
ইদ,1
ভ্রাতৃত্বকে,1
আশ্লেষে,1
অকৃষ্ণকর্মা,1
নিষ্কলঙ্ক,1
ব্যক্তিকেই,1
পরস্পরবিরোধী,1
মনোভাবের,1
দুর্দশা,1
সুস্মিতা,1
শব্দটির,1
তোকে,1
বুঝলি,1
বুঝলে,1
বলবি,1
বলবে,1
কুমড়া,1
খাবেন,1
মাশরাফিদের,1
প্রসন্ন,1
রাফি,1
একাগ্র,1
শীঘ্র,1
করোনার,1
ভ্যারিয়েন্টের,1
প্রকোপ,1
স্বর্গরাজ,1
ইন্দ্রের,1
অস্ত্রের,1
বজ্র,1
উড়িষ্যার,1
অধিবাসীদেরকে,1
ঔড্র,1
পদ্ম,1
ফুল,1
প্রসাধনসামগ্রী,1
চীনের,1
অভিধানে,1
পান্থ,1
পথিক,1
চন্দ্র,1
নক্ষত্র,1
সৌরজগত,1
মহকাশের,1
সান্ধ্য,1
আইনের,1
বিপক্ষে,1
আবাসিক,1
হলের,1
ছাত্রীরা,1
বিক্ষোভ,1
রৌপ্য,1
রজত,1
রূপা,1
নব্য,1
হিন্দুসমাজে,1
কুসংস্কার,1
পর্যাপ্ত,1
ভ্যাকসিন,1
মন্ত্রণালয়,1
অভ্র,1
বোর্ডের,1
উদ্ভাবকের,1
মেহেদী,1
হাসান,1
খান,1
নিম্নে,1
স্ট্যাম্পে,1
টিপসই,1
অন্যায়ভাবে,1
লম্ফ,1
ঝম্ফ,1
আরম্ভ,1
সুস্বাস্থ্য,1
কাম্য,1
গোল্ড,1
দামে,1
বাড়ছে,1
কমছে,1
পুষ্প,1
ফোটে,1
মাহীন,1
একলব্যের,1
শিষ্য,1
আইনশাস্ত্রের,1
আইন,1
বইয়ের,1
ব্রান্ডের,1
বডি,1
স্প্রে,1
ফেরাতে,1
সৌদি,1
নিঃস্ব,1
ফিরলেন,1
আশাহত,1
নাবিলকে,1
ভস্মে,1
ঢালা,1
একই,1
টিকেটে,1
ভ্রমণ,1
সেলামী,1
সাপুড়ের,1
জনতার,1
ইলেক্ট্রন,1
প্রোটন,1
নিউট্রনের,1
সমন্বয়ে,1
গঠিত,1
মৌল,1
পদার্থের,1
সূক্ষ্মতম,1
একেই,1
বয়লে,1
অকালপক্বতা,1
গির্জা,1
খ্রিস্টান,1
সম্প্রদায়ের,1
উপাসনালয়,1
রুগ্ণ,1
দুর্বল,1
কাহিল,1
অবিদগ্ধ,1
পন্ডিত,1
বিদ্বান,1
অগ্ন্যুদ্গম,1
অগ্ন্যুদ্গার,1
আগ্নেয়,1
পর্বত,1
কামানাদি,1
আগ্নেয়াস্ত্র,1
ঋগ্বেদ,1
হিন্দুদের,1
ধর্মগ্রন্থ,1
ঐকাগ্র্য,1
ঘ্যাচড়া,1
হয়েগেছে,1
পাকবে,1
ভাষা,1
কতকটা,1
অপাঙ্ক্তেয়,1
বস্তু,1
সাঙ্খ্য,1
সাংখ্য,1
ব্যঙ্গ্যোক্তির,1
অলঙ্ঘ্য,1
অলঙ্ঘনীয়,1
লঙ্ঘন,1
সমুচ্ছ্রিত,1
অতিশয়,1
স্ফীত,1
বৃদ্ধিপ্রাপ্ত,1
আপাতদৃষ্টিতে,1
স্থানচ্যুতি,1
অন্তরে,1
দীপের,1
উজ্জ্বলতা,1
কুজ্ঝটিকা,1
কুয়াশা,1
এহেন,1
অন্ততঃ,1
বাঞ্ছনীয়,1
খট্বা,1
শয়ন,1
খাট,1
কুট্মল,1
কুঁড়ি,1
অকাট্য,1
কাটা,1
বড্ড,1
তাত্ত্বিক,1
ড্যাবড্যাব,1
খড়্গ,1
প্রতিশব্দ,1
তরবারি,1
ঢ্যাঁড়শ,1
ডায়াবেটিস,1
নিয়ন্ত্রনে,1
আলস্য,1
মন্থর,1
গমনে,1
লুণ্ঠ্যমান,1
অন্তঃপুরে,1
পাণ্ড্য,1
ভারতের,1
পুণ্ড্র,1
বাংলার,1
জাতির,1
ওনেক,1
ঢুণ্ঢনের,1
হিরণ্ময়,1
স্বর্ণনির্মিত,1
খাঁটি,1
জিনিসের,1
সর্ব,1
উৎকৃষ্ট,1
আধারেই,1
উৎখাত,1
কলেজ,1
গেটে,1
উত্ত্যক্ত,1
অশ্বথ,1
উত্থান,1
পতনের,1
সাক্ষ্যি,1
উৎপল,1
বিক্রি,1
তিথি,1
পড়লে,1
ত্র্যহস্পর্শ,1
কাৎলা,1
মাছের,1
মুড়িধণ্ট,1
উৎসব,1
মূখর,1
পরিবেশে,1
পৃথ্বীরাজ,1
চৌধুরী,1
রাজা,1
থ্রু,1
আ,1
গ্লাস,1
ডার্কলি,1
সারসংক্ষেপ,1
উদ্গার,1
ঢেকুর,1
তলাকে,1
উদ্ঘাটন,1
তদ্দ্বারা,1
গুরুকাজ,1
উদ্ভ্রান্তের,1
এদিক,1
সেদিক,1
দারিদ্র্যর,1
কষাঘাত,1
ঢুকিয়ে,1
অর্থগৃধ্নু,1
গ্রাসে,1
উদরাধ্মান,1
পেট,1
ফাঁপা,1
জন্ম,1
ধ্রুব,1
হান্ড্রেড,1
লন্ঠন,1
গ্রামবাসী,1
অগ্রসর,1
অন্ত্যজ,1
অন্ত্য,1
অ্যান্থ্রাক্স,1
স্বাতন্ত্র্য,1
অনিন্দ্য,1
রুপ,1
লিপ্সা,1
দ্বন্দ্বের,1
প্র্যাকটিস,1
সম্প্রদায়কে,1
বিজয়,1
ফ্লেভারের,1
কেক,1
কোনটা,1
মেম্ব্রেন,1
মস্তিষ্কের,1
সম্ভ্রম,1
ম্লান,1
অতর্ক্য,1
তর্কের,1
দ্বারা,1
মীমাংসা,1
বর্গীয়,1
বর্গ্য,1
উভয়,1
দ্বারায়,1
অলক্ষ্য,1
অবর্ণ্য,1
মর্ত্যের,1
অস্পর্শ্য,1
রানী,1
নৈর্ব্যক্তিক,1
সহজ,1
ঔৎকর্ষ্য,1
সুরের,1
মূর্ছনা,1
গিরিবর্ত্ম,1
এগুতে,1
কর্ত্রী,1
পরিষ্কার,1
শুষ্ক,1
কর্মীকে,1
আর্দ্র,1
স্কার্ফ,1
অন্তর্দ্বারেই,1
জমির,1
আর্দ্রতা,1
এখুনি,1
দুর্লভ,1
গাছটি,1
দক্ষিন,1
পার্শ্ব,1
ছায়া,1
তালব্য,1
পার্শ্বিক,1
নৈকট্যধ্বনির,1
অন্তর্হিত,1
অদৃশ্য,1
কাশ্মীরের,1
গল্ফ,1
উল্কা,1
বাড়াতে,1
প্রগল্ভতা,1
লক্ষণ,1
গ্রীষ্মকালে,1
লতাগুল্ম,1
গুলো,1
শ্মশানেই,1
রাষ্ট্র,1
অকালকুষ্মাণ্ড,1
মূর্খ,1
ঔষ্ঠ্য,1
নিষ্ফল,1
নিষ্প্রয়োজন,1
রক্ষায়,1
গার্হস্থ্য,1
বিজ্ঞানে,1
বহিস্ত্বক,1
প্লীহাকে,1
কথ্য,1
পিলে,1
ইংরেজিতে,1
স্প্লিন,1
ঘাড়ে,1
বানরের,1
আস্ফালনে,1
সহস্র,1
স্মৃতিমালা,1
অপরাহ্ণের,1
ব্রাহ্মণ,1
হ্রদের,1
স্থান,1
গাড়েন,1
ইলেক্ট্রর,1
শিখতে,1
দিগ্বিজয়,1
যুদ্ধ,1
জয়,1
বায়ু,1
তরঙ্গ,1
অনুদৈর্ঘ্য,1
তরঙ্গের,1
কাঙ্ক্ষণীয়,1
যোগ্য,1
বিশ্বকোষ,1
বিজ্ঞানের,1
শাখার,1
আলোচ্য,1
সংকলিত,1
মনোবাঞ্ছা,1
মনোস্কাম,1
ট্যাক্সি,1
ভাড়ায়,1
যাত্রীবহনকারী,1
ষাণ্মাসিক,1
শ্রাদ্ধ,1
পত্রিকা,1
বৈচিত্র্যে,1
ভরপুর,1
থ্রি,1
ডেইজ,1
এ্যাবসেন্ট,1
গ্রহণযগ্য,1
বার্লি,1
রোগীর,1
উপাদেয়,1
বিল্ব,1
বেলফল,1
প্রগল্ভ,1
আচরণই,1
শিরশ্ছেদের,1
জামদগ্ন্য,1
জমদগ্নি,1
মুনির,1
পরশুরাম,1
অম্লপিত্ত,1
অম্ল,1
পিত্তের,1
আধিক্য,1
জনিত,1
অজীর্ণ,1
রোগ,1
ধাপ্পা,1
মন্ত্র,1
পূণ্য,1
কামান,1
পথ্য,1
জব্দ,1
আসামীকে,1
সংযুক্ত,1
আবেদনপত্রটি,1
জবাবের,1
দৌরাত্ম্য,1
দেখাবেন,1
সভ্য,1
বর্জ্য,1
ফেলুন,1
লক্ষ্মী,1
সারল্যতা,1
দেখিয়ো,1
শীতকাল,1
উষ্ণ,1
পুষ্টিকর,1
আর্য,1
ব্যাকরণের,1
নিয়মে,1
ঋষি,1
কর্তৃক,1
স্বীকৃত,1
গ্রীষ্ম,1
বর্ষা,1
শরৎ,1
হেমন্ত,1
শীত,1
বসন্ত,1
ছয়টি,1
বিভাগ,1
নামেই,1
ঋতু,1
ঋণমোচনের,1
উত্তমর্ণের,1
নিকট,1
খাতকের,1
স্বীকার,1
ঐতিহাসিক,1
ইতিহাস,1
সম্বন্ধীয়,1
শতাব্দীর,1
প্রাণরাঙা,1
ঐকাত্ম্য,1
একাত্মতাকেই,1
ঐকান্তিক,1
ঘনরাম,1
চক্রবর্তী,1
ঐক্যমত্য,1
ঐককোমততো,1
ঐচ্ছিক,1
পাশির,1
গঠন,1
নৈশজাপনই,1
পাহারাদারের,1
সমৃদ্ধি,1
ভোগ,1
বৈরাগ্য,1
মানব,1
প্রকার,1
বৈধর্ম্য,1
সম্বন্ধে,1
বিরুদ্ধ,1
মনোভাব,1
পোষণ,1
হৈচৈ,1
গোলমাল,1
চাকুরী,1
অথৈ,1
অতঃপর,1
পুনঃপুন,1
দুঃখ,1
অন্তরের,1
অন্তঃস্থলকে,1
বিদীর্ণ,1
স্বতঃস্ফূর্ত,1
আত্মদান,1
বিরল,1
ফলাফল,1
পুনঃপ্রকাশ,1
সুতরাং,1
পুনঃপরীক্ষা,1
পুনঃপ্রবেশ,1
ভাবিয়ে,1
আদর্শের,1
পুনঃপ্রতিষ্ঠা,1
অপরিহার্য,1
ছবিটা,1
উল্টো,1
ধরুন,1
রশিটা,1
বাঁধুন,1
প্রতিবিম্ব,1
আয়নায়,1
দৈর্ঘ্য,1
ঠাট্টা,1
আসক্তি,1
পাখিদের,1
বিহঙ্গকে,1
আতঙ্কিত,1
বিঘ্ন,1
ঘটাবেন,1
সদস্য,1
সংগঠনের,1
যুদ্ধে,1
যোদ্ধা,1
টেক্কা,1
তীক্ষ্ম,1
কষো,1
শস্য,1
কাটুন,1
শিষ্যের,1
ঊর্ধ্বে,1
যন্ত্র,1
বাদ্য,1
বাজান,1
পদ্য,1
দুর্গ,1
জঙ্গলে,1
দরজায়,1
বদ্ধ,1
রুদ্ধ,1
মগ্ন,1
অন্ন,1
যুক্ত,1
খর্ব,1
বর্ণ,1
ঘনত্ব,1
তেলের,1
শুভেচ্ছা,1
প্রচ্ছন্ন,1
করেছিৃ,1
পেয়েছিলান,1
শেষবাজার,1
বলবো,1
বাল্যকাল,1
মরছি,1
যুগ্ম,1
বলতো,1
পুণ্যে,1
এইযে,1
শুভ্র,1
জামাটা,1
পড়ছ,1
দেখেছ,1
নালিস,1
অখানেও,1
পুরুষ,1
তমাদেরই,1
বশ্যতায়,1
সবৃ,1
গাঁয়ে,1
রায়,1
নায়,1
তোরাৃ,1
সাঁতরায়,1
ৃ,1
ফিরতে,1
শোও,1
তমিৃ,1
ধোও,1
মন্দার,1
মেঘমালা,1
ধূসর,1
কালো,1
ছেয়ে,1
জলরাশির,1
জলের,1
রঙ,1
ঘরোয়া,1
মেয়েই,1
খোঁজে,1
অষ্টমত,1
পুনরায়,1
অষ্টমবার,1
সাঁতারে,1
বিশ্বচ্যম্পিয়ন,1
পড়েই,1
চলেছ,1
দেখছিস,1
খেলছিস,1
বিরক্ত,1
ছড়িয়েছ,1
নিজে,1
দোষে,1
আক্রান্ত,1
চিত্ত,1
রচনা,1
ঈশ্বরচন্দ্র,1
বিদ্যাসাগর,1
অজন্মা,1
আনকোরা,1
ভায়োলেন্ট,1
ননকোর,1
দলও,1
খুশী,1
আরক্ত,1
করতল,1
রবীন্দ্রনাথ,1
ঠাকুর,1
ঊনপঞ্চাশে,1
পেয়েছে,1
নৈলে,1
জাহাঙ্গীরের,1
রামঠেলায়,1
সচকিত,1
হারুন,1
সাহংকারের,1
প্রাসাদ,1
খসি,1
সাইমুম,1
ঝড়ে,1
এরূপ,1
সুকুমার,1
হয়েও,1
তপোবন,1
দর্শন,1
প্রতিষ্ঠার,1
অপক্ষয়ের,1
সম্ভাবনা,1
অনুচ্চ,1
তালেই,1
সর্বাঙ্গে,1
আন্দোলন,1
চিত্তে,1
নিরতিশয়,1
ঔৎসুক্য,1
জন্মিয়েছে,1
অধিভুক্ত,1
প্রতিষ্ঠানের,1
নিয়ন্ত্রণের,1
প্রোতিক্ক্রিয়া,1
কনো,1
প্রয়োগের,1
ফলে,1
ক্রিয়া,1
তাহার,1
অতিক্ষণিক,1
জন্মগৃহবাসের,1
স্নেহময়,1
স্মৃতিচিহ্ন,1
কাব্যগত,1
অভিজ্ঞা,1
অপিনিহিতি,1
উ,1
যথাস্থানের,1
পূর্বে,1
প্রবণতা,1
নিমঘি,1
নিমের,1
রস,1
সহযোগে,1
একপ্রকার,1
অঘাকান্ত,1
থাকলি,1
বক্ত্র,1
ক্বণ,1
রুক্মিণী,1
ইক্ষ্বাকু,1
সৌক্ষ্ম্য,1
সূক্ষ্মতা,1
অঙ্ঘ্রি,1
বাঙ্ময়,1
যাচ্ঞা,1
চ্বী,1
ঝঞ্ঝনা,1
জাড্য,1
আঢ্য,1
মেঢ্র,1
ঢুণ্ঢন,1
কণ্ব,1
ন্যুব্জ,1
কম্প্র,1
অর্চ্য,1
দুর্জ্ঞেয়,1
আনুপূর্ব্য,1
নৈষ্কর্ম্য,1
কোর্ফা,1
দার্ঢ্য,1
বল্কল,1
যাজ্ঞবল্ক্য,1
অকিল্বিষ,1
অকল্মষ,1
মাতৃষ্বসা,1
অগস্ত্য,1
স্ফোটন,1
প্রকাশন,1
পরাঙ্মুখ,1
চর্মণ্বতী,1
